дата,вердикт,gpu_вт_сред,gpu_вт_макс,мгц,загрузка,батарея,rtd3,зазор_мс,wmi,ядро,boot_id,бат_вт,профиль
2026-07-21T16:06:44+05:00,ПЛОХАЯ,16.9,17.16,1308,94,"Charging 99%",Disabled,+371,redmi-wmi,7.1.3-2-cachyos,35287266f0ce48af86ae6ef77b2991ff,?,?
2026-07-21T16:14:48+05:00,ПЛОХАЯ,16.7,16.95,1302,94,"Charging 97%",Disabled,+371,redmi-wmi,7.1.3-2-cachyos,35287266f0ce48af86ae6ef77b2991ff,?,?
2026-07-21T16:16:26+05:00,ПЛОХАЯ,16.8,16.98,1287,96,"Charging 97%",Disabled,-33,redmi-wmi,7.1.3-2-cachyos,f3f8390c632b48ef8155bc0062dc6337,?,?
2026-07-21T21:33:12+05:00,ХОРОШАЯ,31.5,33.10,1706,86,"Not charging 99%",Disabled,-33,redmi-wmi,7.1.3-2-cachyos,f3f8390c632b48ef8155bc0062dc6337,0.0,balanced
2026-07-21T22:33:35+05:00,ХОРОШАЯ,25.8,26.52,1703,92,"Not charging 94%",Disabled,+513,redmi-wmi,7.1.3-2-cachyos,0f76a0b98a5a4d51a03cd3f45a4ce2d1,0.0,balanced
2026-07-22T06:04:44+05:00,ХОРОШАЯ,31.6,32.15,1704,88,"Charging 84%",Disabled,-0,redmi-wmi,7.1.3-2-cachyos,70e9b26be5e84b9fa6ea0fe913e22639,16.7,balanced
2026-07-22T06:55:34+05:00,ПЛОХАЯ,16.7,16.96,1293,96,"Charging 72%",Disabled,+321,bitland-mifs-wmi,7.1.3-2-cachyos,9d7c1fdd626f47cf8bb3023a01dd4b67,20.0,balanced
2026-07-22T06:56:51+05:00,ПЛОХАЯ,16.9,17.32,1320,95,"Charging 73%",Disabled,+321,bitland-mifs-wmi,7.1.3-2-cachyos,9d7c1fdd626f47cf8bb3023a01dd4b67,19.6,balanced
2026-07-22T07:12:30+05:00,ПЛОХАЯ,17.0,17.33,1327,94,"Charging 82%",Disabled,+321,bitland-mifs-wmi,7.1.3-2-cachyos,9d7c1fdd626f47cf8bb3023a01dd4b67,14.6,balanced
2026-07-22T07:16:54+05:00,ПЛОХАЯ,16.7,17.06,1327,94,"Charging 84%",Disabled,+321,bitland-mifs-wmi,7.1.3-2-cachyos,9d7c1fdd626f47cf8bb3023a01dd4b67,13.3,balanced
2026-07-22T07:19:30+05:00,ПЛОХАЯ,16.9,17.38,1327,93,"Charging 85%",Disabled,+321,bitland-mifs-wmi,7.1.3-2-cachyos,9d7c1fdd626f47cf8bb3023a01dd4b67,12.5,balanced
2026-07-22T07:20:36+05:00,ПЛОХАЯ,17.0,17.41,1327,95,"Charging 86%",Disabled,+321,bitland-mifs-wmi,7.1.3-2-cachyos,9d7c1fdd626f47cf8bb3023a01dd4b67,12.2,?
2026-07-22T07:44:08+05:00,ПЛОХАЯ,16.8,16.93,1289,95,"Charging 94%",Disabled,-0,bitland-mifs-wmi,7.1.3-2-cachyos,0fe9f5c67c4649fdbbcda595917bce26,7.3,balanced
2026-07-22T07:50:12+05:00,ПЛОХАЯ,16.9,17.41,1327,95,"Charging 95%",Disabled,+313,redmi-wmi,7.1.3-2-cachyos,3e9e6b60650b416d94007b174953e517,6.2,balanced
2026-07-22T08:00:36+05:00,ПЛОХАЯ,17.1,17.47,1327,95,"Charging 97%",Disabled,+362,redmi-wmi,7.1.3-2-cachyos,bf72ec9ed27c495ea67422b2e678ffd5,4.7,balanced
2026-07-22T08:58:15+05:00,ПЛОХАЯ,16.8,17.11,1327,95,"Not charging 96%",Disabled,-22,bitland-mifs-wmi,7.1.3-2-cachyos,63ed074dbed0453b86d73a8777b63c2a,0.0,balanced
2026-07-22T09:12:10+05:00,ПЛОХАЯ,11.6,11.69,495,93,"Discharging 93%",Disabled,+336,redmi-wmi,7.1.3-2-cachyos,84c9bf2cff184764b4da8dc7c364436e,20.4,balanced
2026-07-22T09:12:44+05:00,ПЛОХАЯ,17.0,17.22,1327,95,"Charging 93%",Disabled,+336,redmi-wmi,7.1.3-2-cachyos,84c9bf2cff184764b4da8dc7c364436e,12.1,balanced
2026-07-22T09:16:51+05:00,ПЛОХАЯ,17.1,17.39,1327,95,"Charging 94%",Disabled,+0,bitland-mifs-wmi,7.1.3-2-cachyos,4c3a82a690e041a4afe9204d6930a8a4,11.1,balanced
2026-07-22T09:24:45+05:00,ПЛОХАЯ,16.9,17.14,1303,95,"Charging 91%",Disabled,-20,bitland-mifs-wmi,7.1.3-2-cachyos,96683e9ae9b94d78ae653baaa3828989,12.8,balanced
2026-07-22T09:30:07+05:00,ПЛОХАЯ,23.7,24.06,1725,98,"Charging 93%",Disabled,-20,bitland-mifs-wmi,7.1.3-2-cachyos,96683e9ae9b94d78ae653baaa3828989,9.2,balanced
2026-07-22T09:43:27+05:00,ХОРОШАЯ,32.3,33.51,1726,87,"Charging 96%",Disabled,-20,bitland-mifs-wmi,7.1.3-2-cachyos,96683e9ae9b94d78ae653baaa3828989,5.6,balanced
2026-07-22T10:16:00+05:00,ПЛОХАЯ,13.2,13.29,1327,100,"Not charging 100%",Disabled,-23,redmi-wmi,7.1.3-2-cachyos,ec02da146c674c748cd4345862c1c0f1,0.0,balanced
2026-07-22T10:17:51+05:00,ПЛОХАЯ,16.6,16.89,1312,96,"Not charging 100%",Disabled,-23,redmi-wmi,7.1.3-2-cachyos,ec02da146c674c748cd4345862c1c0f1,0.0,balanced
2026-07-22T10:32:28+05:00,ХОРОШАЯ,32.3,33.61,1728,86,"Not charging 100%",Disabled,-23,redmi-wmi,7.1.3-2-cachyos,ec02da146c674c748cd4345862c1c0f1,0.0,balanced
2026-07-22T11:38:02+05:00,ХОРОШАЯ,31.6,33.10,1707,86,"Not charging 100%",Disabled,-23,redmi-wmi,7.1.3-2-cachyos,ec02da146c674c748cd4345862c1c0f1,0.0,balanced
2026-07-22T12:07:33+05:00,ХОРОШАЯ,32.4,33.41,1726,88,"Not charging 100%",Disabled,+1,redmi-wmi,7.1.3-2-cachyos,0a5faba757b745df904a7fa21c586cf3,0.0,balanced
2026-07-22T12:16:18+05:00,ХОРОШАЯ,28.4,32.75,1726,73,"Not charging 95%",Disabled,+448,bitland-mifs-wmi,7.1.3-2-cachyos,00f682df160947628fc2acadd2eec8d8,0.0,balanced
2026-07-22T13:55:20+05:00,ПЛОХАЯ,13.3,13.57,1327,100,"Charging 61%",Disabled,-23,redmi-wmi,7.1.3-2-cachyos,707b0407932a44cb863fd027044fcae8,25.8,balanced
2026-07-22T14:03:04+05:00,ХОРОШАЯ,23.5,23.99,1725,98,"Charging 68%",Disabled,-23,redmi-wmi,7.1.3-2-cachyos,707b0407932a44cb863fd027044fcae8,21.8,balanced
2026-07-22T15:19:05+05:00,ХОРОШАЯ,32.2,33.04,1709,88,"Charging 99%",Disabled,+0,redmi-wmi,7.1.3-2-cachyos,cc8e8acda9bf45f6ac420a35a8cec802,4.1,balanced
2026-07-22T16:28:26+05:00,ХОРОШАЯ,31.4,32.25,1726,84,"Charging 72%",Disabled,+639,bitland-mifs-wmi,7.1.3-2-cachyos,1eafe318db13405db8899a3606611024,21.8,balanced
2026-07-22T19:50:05+05:00,ПЛОХАЯ,20.2,21.69,1395,85,"Charging 32%",Disabled,-23,redmi-wmi,7.1.3-2-cachyos,f8fb54789dbe4a42b63abcece53f66b5,31.1,balanced
2026-07-22T19:51:02+05:00,ХОРОШАЯ,30.6,32.00,1726,75,"Charging 34%",Disabled,-23,redmi-wmi,7.1.3-2-cachyos,f8fb54789dbe4a42b63abcece53f66b5,30.6,balanced
2026-07-22T20:21:16+05:00,ХОРОШАЯ,30.1,32.21,1726,79,"Charging 50%",Disabled,-23,redmi-wmi,7.1.3-2-cachyos,f8fb54789dbe4a42b63abcece53f66b5,24.3,balanced
2026-07-25T06:58:34+05:00,ХОРОШАЯ,32.0,32.73,1718,88,"Charging 66%",Disabled,+854,redmi-wmi,7.1.4-1-cachyos,7dcaae0d87be4459b03f8fb0c1f3239e,26.6,balanced
2026-08-02T22:57:44+05:00,ХОРОШАЯ,22.3,22.32,1732,51,"Discharging 80%",Disabled,+397,redmi-wmi,7.1.5-1-cachyos,3e67106e918f4638bcb1a226587368be,45.0,balanced
2026-08-02T22:59:09+05:00,ХОРОШАЯ,28.8,31.07,1730,72,"Charging 80%",Disabled,+397,redmi-wmi,7.1.5-1-cachyos,3e67106e918f4638bcb1a226587368be,18.7,balanced
2026-08-03T10:10:53+05:00,ХОРОШАЯ,32.3,33.13,1729,87,"Charging 77%",Disabled,+414,redmi-wmi,7.1.5-1-cachyos,5702e34d42b442629457716cfe946df0,16.5,balanced
2026-08-03T14:20:19+05:00,ХОРОШАЯ,31.5,32.50,1731,87,"Charging 11%",Enabled (fine-grained),+322,bitland-mifs-wmi,7.1.5-1-cachyos,0d669edcf2304eb1be45db433433dc33,32.4,balanced
2026-08-06T20:12:13+05:00,ХОРОШАЯ,32.3,33.30,1720,89,"Not charging 100%",Enabled (fine-grained),+2,redmi-wmi,7.1.6-1-cachyos,b59dd78e28324e638c36ee99c02c9af3,0.0,balanced
