timestamp,elapsed_s,energy_wh,power_w,voltage_v,capacity_pct,status,integral_wh
2026-08-03T12:02:39+05:00,10,40.622,14.51,7.937,100,Discharging,0.0202
2026-08-03T12:02:49+05:00,20,40.622,14.42,7.934,100,Discharging,0.0603
2026-08-03T12:02:59+05:00,30,40.622,11.63,7.982,100,Discharging,0.0965
2026-08-03T12:03:09+05:00,40,40.622,18.35,7.886,100,Discharging,0.1382
2026-08-03T12:03:19+05:00,50,40.591,13.48,7.923,100,Discharging,0.1824
2026-08-03T12:03:29+05:00,60,40.553,15.53,7.917,100,Discharging,0.2227
2026-08-03T12:03:39+05:00,70,40.506,17.35,7.867,100,Discharging,0.2683
2026-08-03T12:03:49+05:00,80,40.460,15.96,7.901,100,Discharging,0.3146
2026-08-03T12:03:59+05:00,90,40.421,15.47,7.892,100,Discharging,0.3582
2026-08-03T12:04:09+05:00,100,40.375,14.99,7.887,99,Discharging,0.4005
2026-08-03T12:04:19+05:00,110,40.306,23.43,7.594,99,Discharging,0.4539
2026-08-03T12:04:29+05:00,120,40.228,16.89,7.899,99,Discharging,0.5099
2026-08-03T12:04:39+05:00,130,40.190,11.34,7.945,99,Discharging,0.5491
2026-08-03T12:04:49+05:00,140,40.167,10.06,7.948,99,Discharging,0.5788
2026-08-03T12:04:59+05:00,150,40.136,10.40,7.949,99,Discharging,0.6073
2026-08-03T12:05:09+05:00,160,40.105,10.91,7.949,99,Discharging,0.6369
2026-08-03T12:05:19+05:00,170,40.082,10.16,7.955,99,Discharging,0.6661
2026-08-03T12:05:29+05:00,180,40.051,10.19,7.961,99,Discharging,0.6944
2026-08-03T12:05:39+05:00,190,40.020,9.74,7.962,99,Discharging,0.7220
2026-08-03T12:05:49+05:00,200,39.997,9.89,7.954,98,Discharging,0.7493
2026-08-03T12:05:59+05:00,210,39.966,9.74,7.956,98,Discharging,0.7766
2026-08-03T12:06:09+05:00,220,39.935,9.54,7.958,98,Discharging,0.8034
2026-08-03T12:06:19+05:00,230,39.912,9.81,7.957,98,Discharging,0.8302
2026-08-03T12:06:29+05:00,240,39.881,11.02,7.934,98,Discharging,0.8592
2026-08-03T12:06:39+05:00,250,39.858,9.73,7.953,98,Discharging,0.8880
2026-08-03T12:06:49+05:00,260,39.827,9.35,7.961,98,Discharging,0.9145
2026-08-03T12:06:59+05:00,270,39.804,9.55,7.938,98,Discharging,0.9408
2026-08-03T12:07:09+05:00,280,39.773,10.48,7.951,98,Discharging,0.9686
2026-08-03T12:07:20+05:00,291,39.750,9.54,7.950,98,Discharging,0.9992
2026-08-03T12:07:30+05:00,301,39.719,9.94,7.955,98,Discharging,1.0262
2026-08-03T12:07:40+05:00,311,39.688,10.71,7.942,98,Discharging,1.0549
2026-08-03T12:07:50+05:00,321,39.665,9.93,7.935,98,Discharging,1.0835
2026-08-03T12:08:00+05:00,331,39.634,12.14,7.918,98,Discharging,1.1142
2026-08-03T12:08:10+05:00,341,39.611,10.97,7.937,98,Discharging,1.1463
2026-08-03T12:08:20+05:00,351,39.580,9.77,7.933,97,Discharging,1.1751
2026-08-03T12:08:30+05:00,361,39.549,10.06,7.903,97,Discharging,1.2026
2026-08-03T12:08:40+05:00,371,39.526,12.03,7.897,97,Discharging,1.2333
2026-08-03T12:08:50+05:00,381,39.480,7.21,7.968,97,Discharging,1.2600
2026-08-03T12:09:00+05:00,391,39.464,6.66,7.988,97,Discharging,1.2793
2026-08-03T12:09:10+05:00,401,39.441,6.68,7.988,97,Discharging,1.2978
2026-08-03T12:09:20+05:00,411,39.426,6.51,7.985,97,Discharging,1.3161
2026-08-03T12:09:30+05:00,421,39.402,6.55,7.991,97,Discharging,1.3343
2026-08-03T12:09:40+05:00,431,39.387,7.71,7.977,97,Discharging,1.3541
2026-08-03T12:09:50+05:00,441,39.364,6.80,7.986,97,Discharging,1.3742
2026-08-03T12:10:00+05:00,451,39.348,6.49,7.987,97,Discharging,1.3927
2026-08-03T12:10:10+05:00,461,39.325,6.51,7.990,97,Discharging,1.4107
2026-08-03T12:10:20+05:00,471,39.310,6.48,7.985,97,Discharging,1.4288
2026-08-03T12:10:30+05:00,481,39.294,7.60,7.959,97,Discharging,1.4483
2026-08-03T12:10:40+05:00,491,39.271,7.33,7.950,97,Discharging,1.4691
2026-08-03T12:10:50+05:00,501,39.256,8.47,7.923,97,Discharging,1.4910
2026-08-03T12:11:00+05:00,511,39.233,6.74,7.980,97,Discharging,1.5121
2026-08-03T12:11:10+05:00,521,39.209,9.41,7.937,97,Discharging,1.5346
2026-08-03T12:11:20+05:00,531,39.186,11.17,7.896,96,Discharging,1.5631
2026-08-03T12:11:30+05:00,541,39.163,7.61,7.965,96,Discharging,1.5892
2026-08-03T12:11:40+05:00,551,39.148,6.43,7.980,96,Discharging,1.6087
2026-08-03T12:11:50+05:00,561,39.132,8.27,7.934,96,Discharging,1.6291
2026-08-03T12:12:00+05:00,571,39.109,7.13,7.975,96,Discharging,1.6505
2026-08-03T12:12:10+05:00,581,39.094,7.16,7.967,96,Discharging,1.6704
2026-08-03T12:12:21+05:00,592,39.078,7.78,7.929,96,Discharging,1.6932
2026-08-03T12:12:31+05:00,602,39.055,6.36,7.976,96,Discharging,1.7128
2026-08-03T12:12:41+05:00,612,39.040,6.68,7.974,96,Discharging,1.7310
2026-08-03T12:12:51+05:00,622,39.016,7.88,7.964,96,Discharging,1.7512
2026-08-03T12:13:01+05:00,632,39.001,6.95,7.960,96,Discharging,1.7718
2026-08-03T12:13:11+05:00,642,38.978,6.35,7.967,96,Discharging,1.7902
2026-08-03T12:13:21+05:00,652,38.962,6.82,7.966,96,Discharging,1.8085
2026-08-03T12:13:31+05:00,662,38.947,6.68,7.963,96,Discharging,1.8273
2026-08-03T12:13:41+05:00,672,38.924,6.68,7.967,96,Discharging,1.8458
2026-08-03T12:13:51+05:00,682,38.908,6.89,7.955,96,Discharging,1.8647
2026-08-03T12:14:01+05:00,692,38.885,6.42,7.966,96,Discharging,1.8832
2026-08-03T12:14:11+05:00,702,38.870,6.83,7.949,96,Discharging,1.9016
2026-08-03T12:14:21+05:00,712,38.854,6.35,7.965,96,Discharging,1.9199
2026-08-03T12:14:31+05:00,722,38.831,6.33,7.966,96,Discharging,1.9375
2026-08-03T12:14:41+05:00,732,38.808,22.88,7.567,96,Discharging,1.9780
2026-08-03T12:14:51+05:00,742,38.754,14.12,7.825,95,Discharging,2.0294
2026-08-03T12:15:01+05:00,752,38.715,12.06,7.835,95,Discharging,2.0658
2026-08-03T12:15:11+05:00,762,38.677,17.87,7.748,95,Discharging,2.1074
2026-08-03T12:15:21+05:00,772,38.623,15.08,7.777,95,Discharging,2.1531
2026-08-03T12:15:31+05:00,782,38.584,16.51,7.694,95,Discharging,2.1970
2026-08-03T12:15:41+05:00,792,38.530,20.31,7.721,95,Discharging,2.2481
2026-08-03T12:15:51+05:00,802,38.484,19.64,7.567,95,Discharging,2.3036
2026-08-03T12:16:01+05:00,812,38.445,20.77,7.710,95,Discharging,2.3597
2026-08-03T12:16:11+05:00,822,38.383,18.80,7.598,94,Discharging,2.4147
2026-08-03T12:16:21+05:00,832,38.345,17.13,7.737,94,Discharging,2.4646
2026-08-03T12:16:31+05:00,842,38.306,15.94,7.802,94,Discharging,2.5105
2026-08-03T12:16:41+05:00,852,38.268,10.61,7.847,94,Discharging,2.5474
2026-08-03T12:16:51+05:00,862,38.237,13.64,7.774,94,Discharging,2.5811
2026-08-03T12:17:01+05:00,872,38.183,14.14,7.751,94,Discharging,2.6197
2026-08-03T12:17:11+05:00,882,38.144,23.00,7.689,94,Discharging,2.6713
2026-08-03T12:17:22+05:00,893,38.090,14.71,7.738,94,Discharging,2.7289
2026-08-03T12:17:32+05:00,903,38.028,15.59,7.718,94,Discharging,2.7710
2026-08-03T12:17:42+05:00,913,37.990,14.23,7.683,94,Discharging,2.8124
2026-08-03T12:17:52+05:00,923,37.951,18.36,7.609,93,Discharging,2.8576
2026-08-03T12:18:02+05:00,933,37.905,16.09,7.697,93,Discharging,2.9055
2026-08-03T12:18:12+05:00,943,37.866,11.90,7.799,93,Discharging,2.9444
2026-08-03T12:18:22+05:00,953,37.820,22.36,7.541,93,Discharging,2.9920
2026-08-03T12:18:32+05:00,963,37.766,24.81,7.564,93,Discharging,3.0575
2026-08-03T12:18:42+05:00,973,37.696,13.58,7.758,93,Discharging,3.1108
2026-08-03T12:18:52+05:00,983,37.650,12.23,7.771,93,Discharging,3.1467
2026-08-03T12:19:02+05:00,993,37.611,17.85,7.675,93,Discharging,3.1884
2026-08-03T12:19:12+05:00,1003,37.557,21.18,7.639,92,Discharging,3.2426
2026-08-03T12:19:22+05:00,1013,37.511,12.04,7.757,92,Discharging,3.2888
2026-08-03T12:19:32+05:00,1023,37.472,21.67,7.675,92,Discharging,3.3356
2026-08-03T12:19:42+05:00,1033,37.426,15.21,7.703,92,Discharging,3.3868
2026-08-03T12:19:52+05:00,1043,37.387,23.64,7.349,92,Discharging,3.4408
2026-08-03T12:20:02+05:00,1053,37.333,19.57,7.681,92,Discharging,3.5008
2026-08-03T12:20:12+05:00,1063,37.295,14.49,7.713,92,Discharging,3.5481
2026-08-03T12:20:22+05:00,1073,37.256,14.83,7.706,92,Discharging,3.5888
2026-08-03T12:20:32+05:00,1083,37.210,14.32,7.710,92,Discharging,3.6293
2026-08-03T12:20:42+05:00,1093,37.171,15.06,7.723,92,Discharging,3.6701
2026-08-03T12:20:52+05:00,1103,37.125,17.83,7.623,91,Discharging,3.7158
2026-08-03T12:21:02+05:00,1113,37.086,12.11,7.749,91,Discharging,3.7574
2026-08-03T12:21:12+05:00,1123,37.040,12.40,7.756,91,Discharging,3.7914
2026-08-03T12:21:22+05:00,1133,37.001,14.82,7.705,91,Discharging,3.8292
2026-08-03T12:21:32+05:00,1143,36.955,13.93,7.709,91,Discharging,3.8692
2026-08-03T12:21:42+05:00,1153,36.924,9.37,7.785,91,Discharging,3.9015
2026-08-03T12:21:52+05:00,1163,36.901,10.42,7.749,91,Discharging,3.9290
2026-08-03T12:22:02+05:00,1173,36.870,9.59,7.782,91,Discharging,3.9568
2026-08-03T12:22:12+05:00,1183,36.839,10.49,7.779,91,Discharging,3.9847
2026-08-03T12:22:22+05:00,1193,36.808,13.18,7.709,91,Discharging,4.0175
2026-08-03T12:22:32+05:00,1203,36.770,13.53,7.706,91,Discharging,4.0546
2026-08-03T12:22:42+05:00,1213,36.731,13.61,7.696,90,Discharging,4.0923
2026-08-03T12:22:52+05:00,1223,36.693,27.33,7.524,90,Discharging,4.1492
2026-08-03T12:23:03+05:00,1234,36.639,15.22,7.696,90,Discharging,4.2142
2026-08-03T12:23:13+05:00,1244,36.600,14.94,7.645,90,Discharging,4.2561
2026-08-03T12:23:23+05:00,1254,36.561,14.53,7.706,90,Discharging,4.2970
2026-08-03T12:23:33+05:00,1264,36.523,14.55,7.693,90,Discharging,4.3374
2026-08-03T12:23:43+05:00,1274,36.477,14.76,7.693,90,Discharging,4.3781
2026-08-03T12:23:53+05:00,1284,36.438,16.18,7.641,90,Discharging,4.4211
2026-08-03T12:24:03+05:00,1294,36.399,14.06,7.682,90,Discharging,4.4631
2026-08-03T12:24:13+05:00,1304,36.361,15.77,7.642,90,Discharging,4.5045
2026-08-03T12:24:23+05:00,1314,36.314,16.24,7.634,89,Discharging,4.5490
2026-08-03T12:24:33+05:00,1324,36.268,17.57,7.608,89,Discharging,4.5959
2026-08-03T12:24:43+05:00,1334,36.206,21.08,7.549,89,Discharging,4.6496
2026-08-03T12:24:53+05:00,1344,36.168,16.79,7.624,89,Discharging,4.7022
2026-08-03T12:25:03+05:00,1354,36.121,22.64,7.568,89,Discharging,4.7570
2026-08-03T12:25:13+05:00,1364,36.067,21.22,7.599,89,Discharging,4.8179
2026-08-03T12:25:23+05:00,1374,36.029,13.40,7.683,89,Discharging,4.8660
2026-08-03T12:25:33+05:00,1384,35.998,12.47,7.679,89,Discharging,4.9019
2026-08-03T12:25:43+05:00,1394,35.967,10.29,7.734,89,Discharging,4.9335
2026-08-03T12:25:53+05:00,1404,35.921,19.88,7.613,88,Discharging,4.9754
2026-08-03T12:26:03+05:00,1414,35.874,13.84,7.666,88,Discharging,5.0222
2026-08-03T12:26:13+05:00,1424,35.836,22.42,7.530,88,Discharging,5.0726
2026-08-03T12:26:23+05:00,1434,35.774,27.89,7.401,88,Discharging,5.1425
2026-08-03T12:26:33+05:00,1444,35.728,20.34,7.637,88,Discharging,5.2095
2026-08-03T12:26:43+05:00,1454,35.681,15.82,7.620,88,Discharging,5.2597
2026-08-03T12:26:53+05:00,1464,35.643,16.01,7.668,88,Discharging,5.3039
2026-08-03T12:27:03+05:00,1474,35.581,15.45,7.622,88,Discharging,5.3476
2026-08-03T12:27:13+05:00,1484,35.535,16.98,7.355,87,Discharging,5.3926
2026-08-03T12:27:23+05:00,1494,35.481,36.11,7.234,87,Discharging,5.4664
2026-08-03T12:27:33+05:00,1504,35.411,15.43,7.615,87,Discharging,5.5380
2026-08-03T12:27:43+05:00,1514,35.373,11.90,7.678,87,Discharging,5.5759
2026-08-03T12:27:54+05:00,1525,35.342,12.16,7.678,87,Discharging,5.6127
2026-08-03T12:28:04+05:00,1535,35.280,31.55,7.321,87,Discharging,5.6734
2026-08-03T12:28:14+05:00,1545,35.226,27.33,7.346,87,Discharging,5.7552
2026-08-03T12:28:24+05:00,1555,35.164,26.87,7.302,87,Discharging,5.8304
2026-08-03T12:28:34+05:00,1565,35.095,24.51,7.523,86,Discharging,5.9018
2026-08-03T12:28:44+05:00,1575,35.033,28.00,7.249,86,Discharging,5.9747
2026-08-03T12:28:54+05:00,1585,34.948,23.13,7.475,86,Discharging,6.0457
2026-08-03T12:29:04+05:00,1595,34.871,24.38,7.452,86,Discharging,6.1117
2026-08-03T12:29:14+05:00,1605,34.824,19.06,7.561,86,Discharging,6.1720
2026-08-03T12:29:24+05:00,1615,34.763,20.27,7.508,86,Discharging,6.2267
2026-08-03T12:29:34+05:00,1625,34.709,19.83,7.486,85,Discharging,6.2824
2026-08-03T12:29:44+05:00,1635,34.655,20.26,7.499,85,Discharging,6.3380
2026-08-03T12:29:54+05:00,1645,34.593,19.61,7.484,85,Discharging,6.3934
2026-08-03T12:30:04+05:00,1655,34.547,19.46,7.517,85,Discharging,6.4477
2026-08-03T12:30:14+05:00,1665,34.485,19.35,7.519,85,Discharging,6.5016
2026-08-03T12:30:24+05:00,1675,34.438,19.55,7.518,85,Discharging,6.5556
2026-08-03T12:30:34+05:00,1685,34.384,19.72,7.523,85,Discharging,6.6101
2026-08-03T12:30:44+05:00,1695,34.323,19.22,7.519,84,Discharging,6.6642
2026-08-03T12:30:54+05:00,1705,34.269,19.54,7.513,84,Discharging,6.7180
2026-08-03T12:31:04+05:00,1715,34.215,22.56,7.428,84,Discharging,6.7765
2026-08-03T12:31:14+05:00,1725,34.145,23.24,7.450,84,Discharging,6.8401
2026-08-03T12:31:24+05:00,1735,34.091,23.69,7.472,84,Discharging,6.9053
2026-08-03T12:31:34+05:00,1745,34.029,19.52,7.505,84,Discharging,6.9653
2026-08-03T12:31:44+05:00,1755,33.983,19.45,7.530,84,Discharging,7.0194
2026-08-03T12:31:54+05:00,1765,33.929,19.72,7.500,84,Discharging,7.0738
2026-08-03T12:32:04+05:00,1775,33.867,19.24,7.499,83,Discharging,7.1280
2026-08-03T12:32:14+05:00,1785,33.821,18.38,7.500,83,Discharging,7.1802
2026-08-03T12:32:24+05:00,1795,33.759,18.21,7.544,83,Discharging,7.2310
2026-08-03T12:32:34+05:00,1805,33.705,14.21,7.585,83,Discharging,7.2761
2026-08-03T12:32:44+05:00,1815,33.659,15.41,7.579,83,Discharging,7.3172
2026-08-03T12:32:54+05:00,1825,33.612,14.67,7.573,83,Discharging,7.3590
2026-08-03T12:33:05+05:00,1836,33.574,16.20,7.451,83,Discharging,7.4062
2026-08-03T12:33:15+05:00,1846,33.527,15.56,7.581,83,Discharging,7.4503
2026-08-03T12:33:25+05:00,1856,33.497,18.21,7.521,82,Discharging,7.4972
2026-08-03T12:33:35+05:00,1866,33.443,21.54,7.442,82,Discharging,7.5524
2026-08-03T12:33:45+05:00,1876,33.373,37.99,7.090,82,Discharging,7.6351
2026-08-03T12:33:55+05:00,1886,33.304,31.77,7.261,82,Discharging,7.7320
2026-08-03T12:34:05+05:00,1896,33.234,23.05,7.483,82,Discharging,7.8081
2026-08-03T12:34:15+05:00,1906,33.188,19.04,7.523,82,Discharging,7.8666
2026-08-03T12:34:25+05:00,1916,33.141,26.59,7.322,82,Discharging,7.9300
2026-08-03T12:34:35+05:00,1926,33.080,15.25,7.585,81,Discharging,7.9881
2026-08-03T12:34:45+05:00,1936,33.033,20.91,7.386,81,Discharging,8.0383
2026-08-03T12:34:55+05:00,1946,32.972,18.10,7.499,81,Discharging,8.0925
2026-08-03T12:35:05+05:00,1956,32.925,15.87,7.548,81,Discharging,8.1397
2026-08-03T12:35:15+05:00,1966,32.887,17.76,7.509,81,Discharging,8.1864
2026-08-03T12:35:25+05:00,1976,32.833,18.12,7.498,81,Discharging,8.2362
2026-08-03T12:35:35+05:00,1986,32.779,20.87,7.507,81,Discharging,8.2904
2026-08-03T12:35:45+05:00,1996,32.725,14.09,7.572,81,Discharging,8.3389
2026-08-03T12:35:55+05:00,2006,32.686,14.75,7.550,80,Discharging,8.3790
2026-08-03T12:36:05+05:00,2016,32.640,15.05,7.551,80,Discharging,8.4204
2026-08-03T12:36:15+05:00,2026,32.593,15.85,7.534,80,Discharging,8.4633
2026-08-03T12:36:25+05:00,2036,32.547,19.03,7.472,80,Discharging,8.5117
2026-08-03T12:36:35+05:00,2046,32.493,16.21,7.526,80,Discharging,8.5607
2026-08-03T12:36:45+05:00,2056,32.439,21.28,7.472,80,Discharging,8.6128
2026-08-03T12:36:55+05:00,2066,32.393,16.83,7.505,80,Discharging,8.6657
2026-08-03T12:37:05+05:00,2076,32.339,16.23,7.516,80,Discharging,8.7116
2026-08-03T12:37:15+05:00,2086,32.292,17.18,7.497,79,Discharging,8.7580
2026-08-03T12:37:25+05:00,2096,32.238,18.63,7.456,79,Discharging,8.8078
2026-08-03T12:37:35+05:00,2106,32.184,18.60,7.501,79,Discharging,8.8595
2026-08-03T12:37:45+05:00,2116,32.138,16.50,7.509,79,Discharging,8.9082
2026-08-03T12:37:55+05:00,2126,32.084,18.45,7.447,79,Discharging,8.9568
2026-08-03T12:38:05+05:00,2136,32.038,18.85,7.487,79,Discharging,9.0086
2026-08-03T12:38:16+05:00,2146,31.983,17.96,7.494,79,Discharging,9.0597
2026-08-03T12:38:26+05:00,2157,31.937,18.74,7.441,79,Discharging,9.1158
2026-08-03T12:38:36+05:00,2167,31.883,17.11,7.488,78,Discharging,9.1656
2026-08-03T12:38:46+05:00,2177,31.829,18.19,7.478,78,Discharging,9.2146
2026-08-03T12:38:56+05:00,2187,31.790,16.05,7.505,78,Discharging,9.2621
2026-08-03T12:39:06+05:00,2197,31.736,16.58,7.493,78,Discharging,9.3074
2026-08-03T12:39:16+05:00,2207,31.667,20.58,7.488,78,Discharging,9.3590
2026-08-03T12:39:26+05:00,2217,31.621,12.69,7.556,78,Discharging,9.4053
2026-08-03T12:39:36+05:00,2227,31.582,11.69,7.579,78,Discharging,9.4391
2026-08-03T12:39:46+05:00,2237,31.543,12.18,7.582,78,Discharging,9.4723
2026-08-03T12:39:56+05:00,2247,31.520,10.86,7.592,78,Discharging,9.5043
2026-08-03T12:40:06+05:00,2257,31.482,11.50,7.552,77,Discharging,9.5353
2026-08-03T12:40:16+05:00,2267,31.451,11.31,7.599,77,Discharging,9.5670
2026-08-03T12:40:26+05:00,2277,31.420,12.22,7.517,77,Discharging,9.5997
2026-08-03T12:40:36+05:00,2287,31.389,11.72,7.576,77,Discharging,9.6330
2026-08-03T12:40:46+05:00,2297,31.358,10.48,7.587,77,Discharging,9.6638
2026-08-03T12:40:56+05:00,2307,31.327,11.89,7.580,77,Discharging,9.6949
2026-08-03T12:41:06+05:00,2317,31.296,11.15,7.606,77,Discharging,9.7269
2026-08-03T12:41:16+05:00,2327,31.273,10.65,7.600,77,Discharging,9.7572
2026-08-03T12:41:26+05:00,2337,31.227,18.75,7.459,77,Discharging,9.7980
2026-08-03T12:41:36+05:00,2347,31.188,8.01,7.647,77,Discharging,9.8352
2026-08-03T12:41:46+05:00,2357,31.165,7.69,7.656,77,Discharging,9.8570
2026-08-03T12:41:56+05:00,2367,31.142,7.29,7.661,77,Discharging,9.8778
2026-08-03T12:42:06+05:00,2377,31.127,7.82,7.648,77,Discharging,9.8988
2026-08-03T12:42:16+05:00,2387,31.103,7.88,7.642,77,Discharging,9.9206
2026-08-03T12:42:26+05:00,2397,31.080,7.30,7.661,77,Discharging,9.9416
2026-08-03T12:42:36+05:00,2407,31.057,7.74,7.659,76,Discharging,9.9625
2026-08-03T12:42:46+05:00,2417,31.034,7.29,7.663,76,Discharging,9.9834
2026-08-03T12:42:56+05:00,2427,31.018,7.39,7.664,76,Discharging,10.0038
2026-08-03T12:43:06+05:00,2437,30.995,7.97,7.644,76,Discharging,10.0251
2026-08-03T12:43:17+05:00,2448,30.972,7.29,7.660,76,Discharging,10.0484
2026-08-03T12:43:27+05:00,2458,30.949,7.95,7.660,76,Discharging,10.0696
2026-08-03T12:43:37+05:00,2468,30.926,7.29,7.661,76,Discharging,10.0908
2026-08-03T12:43:47+05:00,2478,30.903,7.49,7.653,76,Discharging,10.1113
2026-08-03T12:43:57+05:00,2488,30.880,11.27,7.590,76,Discharging,10.1374
2026-08-03T12:44:07+05:00,2498,30.849,7.46,7.650,76,Discharging,10.1634
2026-08-03T12:44:17+05:00,2508,30.825,7.80,7.657,76,Discharging,10.1846
2026-08-03T12:44:27+05:00,2518,30.802,7.53,7.656,76,Discharging,10.2059
2026-08-03T12:44:37+05:00,2528,30.787,7.48,7.655,76,Discharging,10.2267
2026-08-03T12:44:47+05:00,2538,30.756,8.25,7.637,76,Discharging,10.2486
2026-08-03T12:44:57+05:00,2548,30.741,7.32,7.657,76,Discharging,10.2702
2026-08-03T12:45:07+05:00,2558,30.717,7.57,7.655,76,Discharging,10.2909
2026-08-03T12:45:17+05:00,2568,30.694,7.77,7.651,76,Discharging,10.3122
2026-08-03T12:45:27+05:00,2578,30.671,7.41,7.651,76,Discharging,10.3333
2026-08-03T12:45:37+05:00,2588,30.648,7.58,7.640,75,Discharging,10.3541
2026-08-03T12:45:47+05:00,2598,30.625,7.55,7.654,75,Discharging,10.3751
2026-08-03T12:45:57+05:00,2608,30.602,7.35,7.653,75,Discharging,10.3958
2026-08-03T12:46:07+05:00,2618,30.578,7.36,7.653,75,Discharging,10.4162
2026-08-03T12:46:17+05:00,2628,30.563,7.36,7.655,75,Discharging,10.4367
2026-08-03T12:46:27+05:00,2638,30.540,8.42,7.652,75,Discharging,10.4586
2026-08-03T12:46:37+05:00,2648,30.517,7.30,7.653,75,Discharging,10.4804
2026-08-03T12:46:47+05:00,2658,30.494,7.28,7.653,75,Discharging,10.5007
2026-08-03T12:46:57+05:00,2668,30.470,7.60,7.652,75,Discharging,10.5213
2026-08-03T12:47:07+05:00,2678,30.447,7.81,7.645,75,Discharging,10.5427
2026-08-03T12:47:17+05:00,2688,30.432,7.55,7.642,75,Discharging,10.5641
2026-08-03T12:47:27+05:00,2698,30.409,7.55,7.648,75,Discharging,10.5850
2026-08-03T12:47:37+05:00,2708,30.385,7.83,7.653,75,Discharging,10.6064
2026-08-03T12:47:47+05:00,2718,30.362,7.88,7.626,75,Discharging,10.6282
2026-08-03T12:47:57+05:00,2728,30.347,7.30,7.647,75,Discharging,10.6493
2026-08-03T12:48:08+05:00,2738,30.316,7.95,7.640,75,Discharging,10.6705
2026-08-03T12:48:18+05:00,2749,30.301,7.29,7.649,75,Discharging,10.6938
2026-08-03T12:48:28+05:00,2759,30.277,7.57,7.643,75,Discharging,10.7144
2026-08-03T12:48:38+05:00,2769,30.254,7.54,7.648,74,Discharging,10.7354
2026-08-03T12:48:48+05:00,2779,30.231,7.81,7.646,74,Discharging,10.7567
2026-08-03T12:48:58+05:00,2789,30.208,8.02,7.636,74,Discharging,10.7787
2026-08-03T12:49:08+05:00,2799,30.192,7.41,7.652,74,Discharging,10.8001
2026-08-03T12:49:18+05:00,2809,30.169,8.38,7.642,74,Discharging,10.8221
2026-08-03T12:49:28+05:00,2819,30.131,15.90,7.451,74,Discharging,10.8558
2026-08-03T12:49:38+05:00,2829,30.077,18.52,7.488,74,Discharging,10.9036
2026-08-03T12:49:48+05:00,2839,30.023,12.40,7.540,74,Discharging,10.9465
2026-08-03T12:49:58+05:00,2849,29.999,11.26,7.566,74,Discharging,10.9794
2026-08-03T12:50:08+05:00,2859,29.961,12.55,7.515,74,Discharging,11.0124
2026-08-03T12:50:18+05:00,2869,29.915,18.72,7.410,74,Discharging,11.0559
2026-08-03T12:50:28+05:00,2879,29.860,21.75,7.336,74,Discharging,11.1121
2026-08-03T12:50:38+05:00,2889,29.814,17.64,7.468,73,Discharging,11.1668
2026-08-03T12:50:48+05:00,2899,29.768,18.17,7.417,73,Discharging,11.2165
2026-08-03T12:50:58+05:00,2909,29.706,22.74,7.358,73,Discharging,11.2733
2026-08-03T12:51:08+05:00,2919,29.660,15.77,7.467,73,Discharging,11.3268
2026-08-03T12:51:18+05:00,2929,29.606,15.25,7.449,73,Discharging,11.3699
2026-08-03T12:51:28+05:00,2939,29.559,17.53,7.426,73,Discharging,11.4154
2026-08-03T12:51:38+05:00,2949,29.513,16.19,7.478,73,Discharging,11.4623
2026-08-03T12:51:48+05:00,2959,29.459,19.20,7.409,73,Discharging,11.5114
2026-08-03T12:51:58+05:00,2969,29.413,16.92,7.461,72,Discharging,11.5616
2026-08-03T12:52:08+05:00,2979,29.366,17.13,7.427,72,Discharging,11.6089
2026-08-03T12:52:18+05:00,2989,29.297,25.95,7.258,72,Discharging,11.6687
2026-08-03T12:52:28+05:00,2999,29.227,23.30,7.260,72,Discharging,11.7371
2026-08-03T12:52:38+05:00,3009,29.189,13.48,7.471,72,Discharging,11.7882
2026-08-03T12:52:49+05:00,3019,29.135,21.70,7.380,72,Discharging,11.8371
2026-08-03T12:52:59+05:00,3030,29.073,14.78,7.454,72,Discharging,11.8928
2026-08-03T12:53:09+05:00,3040,29.027,14.36,7.454,71,Discharging,11.9333
2026-08-03T12:53:19+05:00,3050,28.980,15.49,7.463,71,Discharging,11.9748
2026-08-03T12:53:29+05:00,3060,28.942,17.65,7.410,71,Discharging,12.0208
2026-08-03T12:53:39+05:00,3070,28.888,19.27,7.331,71,Discharging,12.0721
2026-08-03T12:53:49+05:00,3080,28.841,11.63,7.530,71,Discharging,12.1150
2026-08-03T12:53:59+05:00,3090,28.787,14.79,7.448,71,Discharging,12.1517
2026-08-03T12:54:09+05:00,3100,28.749,14.32,7.482,71,Discharging,12.1921
2026-08-03T12:54:19+05:00,3110,28.710,15.33,7.469,71,Discharging,12.2333
2026-08-03T12:54:29+05:00,3120,28.656,15.38,7.453,71,Discharging,12.2759
2026-08-03T12:54:39+05:00,3130,28.610,24.03,7.265,70,Discharging,12.3307
2026-08-03T12:54:49+05:00,3140,28.548,22.40,7.306,70,Discharging,12.3952
2026-08-03T12:54:59+05:00,3150,28.479,17.66,7.315,70,Discharging,12.4508
2026-08-03T12:55:09+05:00,3160,28.432,19.27,7.307,70,Discharging,12.5021
2026-08-03T12:55:19+05:00,3170,28.355,14.44,7.440,70,Discharging,12.5489
2026-08-03T12:55:29+05:00,3180,28.301,21.89,7.259,70,Discharging,12.5994
2026-08-03T12:55:39+05:00,3190,28.239,26.43,7.183,70,Discharging,12.6665
2026-08-03T12:55:49+05:00,3200,28.185,13.70,7.450,69,Discharging,12.7223
2026-08-03T12:55:59+05:00,3210,28.147,15.34,7.428,69,Discharging,12.7626
2026-08-03T12:56:09+05:00,3220,28.100,15.51,7.437,69,Discharging,12.8054
2026-08-03T12:56:19+05:00,3230,28.031,24.97,7.214,69,Discharging,12.8616
2026-08-03T12:56:29+05:00,3240,27.969,21.46,7.255,69,Discharging,12.9261
2026-08-03T12:56:39+05:00,3250,27.907,22.80,7.265,69,Discharging,12.9876
2026-08-03T12:56:49+05:00,3260,27.861,14.52,7.422,69,Discharging,13.0394
2026-08-03T12:57:00+05:00,3271,27.830,9.60,7.512,69,Discharging,13.0763
2026-08-03T12:57:10+05:00,3281,27.799,10.13,7.519,68,Discharging,13.1037
2026-08-03T12:57:20+05:00,3291,27.768,10.55,7.524,68,Discharging,13.1324
2026-08-03T12:57:30+05:00,3301,27.745,9.10,7.537,68,Discharging,13.1597
2026-08-03T12:57:40+05:00,3311,27.707,13.30,7.470,68,Discharging,13.1908
2026-08-03T12:57:50+05:00,3321,27.676,9.17,7.543,68,Discharging,13.2220
2026-08-03T12:58:00+05:00,3331,27.653,9.58,7.541,68,Discharging,13.2481
2026-08-03T12:58:10+05:00,3341,27.622,10.33,7.515,68,Discharging,13.2757
2026-08-03T12:58:20+05:00,3351,27.591,12.60,7.480,68,Discharging,13.3076
2026-08-03T12:58:30+05:00,3361,27.560,10.11,7.492,68,Discharging,13.3391
2026-08-03T12:58:40+05:00,3371,27.529,9.61,7.511,68,Discharging,13.3665
2026-08-03T12:58:50+05:00,3381,27.506,9.21,7.543,68,Discharging,13.3926
2026-08-03T12:59:00+05:00,3391,27.475,10.17,7.490,68,Discharging,13.4196
2026-08-03T12:59:10+05:00,3401,27.452,10.36,7.533,68,Discharging,13.4481
2026-08-03T12:59:20+05:00,3411,27.421,9.63,7.537,68,Discharging,13.4758
2026-08-03T12:59:30+05:00,3421,27.398,10.02,7.531,67,Discharging,13.5031
2026-08-03T12:59:40+05:00,3431,27.351,12.51,7.485,67,Discharging,13.5344
2026-08-03T12:59:50+05:00,3441,27.313,12.42,7.485,67,Discharging,13.5690
2026-08-03T13:00:00+05:00,3451,27.274,11.99,7.483,67,Discharging,13.6029
2026-08-03T13:00:10+05:00,3461,27.236,17.34,7.368,67,Discharging,13.6437
2026-08-03T13:00:20+05:00,3471,27.197,15.83,7.437,67,Discharging,13.6898
2026-08-03T13:00:30+05:00,3481,27.135,18.58,7.336,67,Discharging,13.7376
2026-08-03T13:00:40+05:00,3491,27.097,13.37,7.443,67,Discharging,13.7819
2026-08-03T13:00:50+05:00,3501,27.058,13.38,7.441,67,Discharging,13.8191
2026-08-03T13:01:00+05:00,3511,27.012,12.72,7.434,66,Discharging,13.8553
2026-08-03T13:01:10+05:00,3521,26.973,13.38,7.466,66,Discharging,13.8916
2026-08-03T13:01:21+05:00,3532,26.935,12.99,7.443,66,Discharging,13.9318
2026-08-03T13:01:31+05:00,3542,26.896,13.72,7.463,66,Discharging,13.9689
2026-08-03T13:01:41+05:00,3552,26.857,15.27,7.415,66,Discharging,14.0092
2026-08-03T13:01:51+05:00,3562,26.803,17.01,7.394,66,Discharging,14.0540
2026-08-03T13:02:01+05:00,3572,26.749,19.78,7.325,66,Discharging,14.1051
2026-08-03T13:02:11+05:00,3582,26.688,16.81,7.312,66,Discharging,14.1560
2026-08-03T13:02:21+05:00,3592,26.626,16.20,7.324,66,Discharging,14.2018
2026-08-03T13:02:31+05:00,3602,26.587,11.44,7.456,65,Discharging,14.2402
2026-08-03T13:02:41+05:00,3612,26.533,17.39,7.386,65,Discharging,14.2803
2026-08-03T13:02:51+05:00,3622,26.487,13.58,7.423,65,Discharging,14.3233
2026-08-03T13:03:01+05:00,3632,26.441,13.31,7.438,65,Discharging,14.3606
2026-08-03T13:03:11+05:00,3642,26.402,13.19,7.446,65,Discharging,14.3974
2026-08-03T13:03:21+05:00,3652,26.356,15.57,7.430,65,Discharging,14.4374
2026-08-03T13:03:31+05:00,3662,26.309,17.25,7.368,65,Discharging,14.4830
2026-08-03T13:03:41+05:00,3672,26.255,18.53,7.361,65,Discharging,14.5327
2026-08-03T13:03:51+05:00,3682,26.201,18.27,7.399,64,Discharging,14.5838
2026-08-03T13:04:01+05:00,3692,26.155,13.36,7.428,64,Discharging,14.6277
2026-08-03T13:04:11+05:00,3702,26.078,31.03,7.077,64,Discharging,14.6893
2026-08-03T13:04:21+05:00,3712,25.993,18.18,7.292,64,Discharging,14.7577
2026-08-03T13:04:31+05:00,3722,25.939,19.49,7.295,64,Discharging,14.8100
2026-08-03T13:04:41+05:00,3732,25.892,13.42,7.400,64,Discharging,14.8557
2026-08-03T13:04:51+05:00,3742,25.838,16.57,7.379,64,Discharging,14.8974
2026-08-03T13:05:01+05:00,3752,25.792,13.93,7.400,63,Discharging,14.9397
2026-08-03T13:05:11+05:00,3762,25.730,17.90,7.334,63,Discharging,14.9840
2026-08-03T13:05:21+05:00,3772,25.676,13.89,7.416,63,Discharging,15.0281
2026-08-03T13:05:31+05:00,3782,25.638,13.52,7.374,63,Discharging,15.0662
2026-08-03T13:05:41+05:00,3792,25.599,13.70,7.411,63,Discharging,15.1040
2026-08-03T13:05:52+05:00,3803,25.553,15.20,7.370,63,Discharging,15.1481
2026-08-03T13:06:02+05:00,3813,25.483,23.45,7.239,63,Discharging,15.2018
2026-08-03T13:06:12+05:00,3823,25.421,22.52,7.285,63,Discharging,15.2657
2026-08-03T13:06:22+05:00,3833,25.360,21.27,7.286,62,Discharging,15.3265
2026-08-03T13:06:32+05:00,3843,25.313,14.21,7.395,62,Discharging,15.3758
2026-08-03T13:06:42+05:00,3853,25.267,13.07,7.412,62,Discharging,15.4136
2026-08-03T13:06:52+05:00,3863,25.228,13.48,7.419,62,Discharging,15.4505
2026-08-03T13:07:02+05:00,3873,25.182,15.93,7.275,62,Discharging,15.4914
2026-08-03T13:07:12+05:00,3883,25.144,14.40,7.370,62,Discharging,15.5335
2026-08-03T13:07:22+05:00,3893,25.105,14.04,7.385,62,Discharging,15.5730
2026-08-03T13:07:32+05:00,3903,25.066,14.80,7.365,62,Discharging,15.6131
2026-08-03T13:07:42+05:00,3913,25.020,18.36,7.284,62,Discharging,15.6591
2026-08-03T13:07:52+05:00,3923,24.974,14.35,7.369,61,Discharging,15.7046
2026-08-03T13:08:02+05:00,3933,24.935,15.13,7.390,61,Discharging,15.7455
2026-08-03T13:08:12+05:00,3943,24.889,23.17,7.208,61,Discharging,15.7987
2026-08-03T13:08:22+05:00,3953,24.819,22.94,7.246,61,Discharging,15.8627
2026-08-03T13:08:32+05:00,3963,24.773,16.59,7.316,61,Discharging,15.9176
2026-08-03T13:08:42+05:00,3973,24.727,17.11,7.337,61,Discharging,15.9644
2026-08-03T13:08:52+05:00,3983,24.665,22.93,7.195,61,Discharging,16.0200
2026-08-03T13:09:02+05:00,3993,24.619,17.65,7.340,61,Discharging,16.0764
2026-08-03T13:09:12+05:00,4003,24.580,13.65,7.382,61,Discharging,16.1199
2026-08-03T13:09:22+05:00,4013,24.541,11.16,7.445,60,Discharging,16.1543
2026-08-03T13:09:32+05:00,4023,24.511,10.62,7.446,60,Discharging,16.1846
2026-08-03T13:09:42+05:00,4033,24.472,10.63,7.406,60,Discharging,16.2141
2026-08-03T13:09:52+05:00,4043,24.441,10.44,7.444,60,Discharging,16.2434
2026-08-03T13:10:02+05:00,4053,24.410,9.92,7.454,60,Discharging,16.2716
2026-08-03T13:10:12+05:00,4063,24.372,9.85,7.462,60,Discharging,16.2991
2026-08-03T13:10:22+05:00,4073,24.348,9.92,7.473,60,Discharging,16.3266
2026-08-03T13:10:32+05:00,4083,24.318,10.02,7.464,60,Discharging,16.3543
2026-08-03T13:10:42+05:00,4093,24.271,13.29,7.398,60,Discharging,16.3866
2026-08-03T13:10:53+05:00,4104,24.233,10.77,7.450,60,Discharging,16.4234
2026-08-03T13:11:03+05:00,4114,24.202,10.17,7.464,60,Discharging,16.4525
2026-08-03T13:11:13+05:00,4124,24.171,10.15,7.456,60,Discharging,16.4807
2026-08-03T13:11:23+05:00,4134,24.140,10.05,7.455,59,Discharging,16.5088
2026-08-03T13:11:33+05:00,4144,24.109,11.20,7.435,59,Discharging,16.5383
2026-08-03T13:11:43+05:00,4154,24.078,10.21,7.447,59,Discharging,16.5681
2026-08-03T13:11:53+05:00,4164,24.040,10.16,7.440,59,Discharging,16.5963
2026-08-03T13:12:03+05:00,4174,24.001,13.16,7.422,59,Discharging,16.6287
2026-08-03T13:12:13+05:00,4184,23.970,10.52,7.447,59,Discharging,16.6616
2026-08-03T13:12:23+05:00,4194,23.939,10.73,7.460,59,Discharging,16.6911
2026-08-03T13:12:33+05:00,4204,23.908,10.06,7.448,59,Discharging,16.7200
2026-08-03T13:12:43+05:00,4214,23.877,14.06,7.356,59,Discharging,16.7535
2026-08-03T13:12:53+05:00,4224,23.839,13.79,7.391,59,Discharging,16.7922
2026-08-03T13:13:03+05:00,4234,23.793,19.66,7.246,59,Discharging,16.8386
2026-08-03T13:13:13+05:00,4244,23.731,18.51,7.263,58,Discharging,16.8917
2026-08-03T13:13:23+05:00,4254,23.692,17.79,7.305,58,Discharging,16.9421
2026-08-03T13:13:33+05:00,4264,23.638,18.11,7.301,58,Discharging,16.9920
2026-08-03T13:13:43+05:00,4274,23.584,18.82,7.272,58,Discharging,17.0433
2026-08-03T13:13:53+05:00,4284,23.538,15.31,7.336,58,Discharging,17.0907
2026-08-03T13:14:03+05:00,4294,23.491,16.54,7.355,58,Discharging,17.1349
2026-08-03T13:14:13+05:00,4304,23.437,22.14,7.258,58,Discharging,17.1886
2026-08-03T13:14:23+05:00,4314,23.368,19.93,7.262,58,Discharging,17.2471
2026-08-03T13:14:33+05:00,4324,23.314,18.51,7.272,57,Discharging,17.3005
2026-08-03T13:14:43+05:00,4334,23.268,17.04,7.327,57,Discharging,17.3498
2026-08-03T13:14:53+05:00,4344,23.206,17.53,7.285,57,Discharging,17.3979
2026-08-03T13:15:03+05:00,4354,23.167,13.11,7.377,57,Discharging,17.4404
2026-08-03T13:15:13+05:00,4364,23.129,12.98,7.409,57,Discharging,17.4766
2026-08-03T13:15:23+05:00,4374,23.090,10.69,7.406,57,Discharging,17.5095
2026-08-03T13:15:33+05:00,4384,23.059,11.71,7.415,57,Discharging,17.5406
2026-08-03T13:15:43+05:00,4394,23.021,16.63,7.258,57,Discharging,17.5800
2026-08-03T13:15:53+05:00,4404,22.990,19.02,7.269,57,Discharging,17.6295
2026-08-03T13:16:04+05:00,4415,22.928,15.60,7.324,56,Discharging,17.6824
2026-08-03T13:16:14+05:00,4425,22.874,15.62,7.321,56,Discharging,17.7257
2026-08-03T13:16:24+05:00,4435,22.835,14.44,7.348,56,Discharging,17.7675
2026-08-03T13:16:34+05:00,4445,22.774,16.74,7.305,56,Discharging,17.8108
2026-08-03T13:16:44+05:00,4455,22.712,30.10,6.904,56,Discharging,17.8758
2026-08-03T13:16:54+05:00,4465,22.658,16.30,7.299,56,Discharging,17.9403
2026-08-03T13:17:04+05:00,4475,22.588,25.44,7.127,56,Discharging,17.9983
2026-08-03T13:17:14+05:00,4485,22.534,18.12,7.271,55,Discharging,18.0588
2026-08-03T13:17:24+05:00,4495,22.488,16.82,7.298,55,Discharging,18.1073
2026-08-03T13:17:34+05:00,4505,22.418,13.69,7.350,55,Discharging,18.1497
2026-08-03T13:17:44+05:00,4515,22.380,15.18,7.303,55,Discharging,18.1897
2026-08-03T13:17:54+05:00,4525,22.318,21.67,7.060,55,Discharging,18.2409
2026-08-03T13:18:04+05:00,4535,22.233,29.25,7.004,55,Discharging,18.3117
2026-08-03T13:18:14+05:00,4545,22.148,28.45,7.084,55,Discharging,18.3918
2026-08-03T13:18:24+05:00,4555,22.063,22.83,7.155,54,Discharging,18.4630
2026-08-03T13:18:34+05:00,4565,21.994,29.84,6.949,54,Discharging,18.5362
2026-08-03T13:18:44+05:00,4575,21.901,27.91,7.059,54,Discharging,18.6164
2026-08-03T13:18:54+05:00,4585,21.832,14.53,7.259,54,Discharging,18.6754
2026-08-03T13:19:04+05:00,4595,21.785,31.98,7.016,54,Discharging,18.7399
2026-08-03T13:19:14+05:00,4605,21.693,29.21,7.079,53,Discharging,18.8249
2026-08-03T13:19:24+05:00,4615,21.608,26.69,7.047,53,Discharging,18.9026
2026-08-03T13:19:34+05:00,4625,21.554,14.36,7.322,53,Discharging,18.9596
2026-08-03T13:19:44+05:00,4635,21.507,14.61,7.320,53,Discharging,18.9998
2026-08-03T13:19:54+05:00,4645,21.469,13.52,7.314,53,Discharging,19.0389
2026-08-03T13:20:04+05:00,4655,21.407,29.13,7.061,53,Discharging,19.0981
2026-08-03T13:20:14+05:00,4665,21.330,27.34,7.087,53,Discharging,19.1766
2026-08-03T13:20:24+05:00,4675,21.253,12.20,7.363,52,Discharging,19.2315
2026-08-03T13:20:34+05:00,4685,21.214,20.20,7.187,52,Discharging,19.2765
2026-08-03T13:20:44+05:00,4695,21.168,16.91,7.268,52,Discharging,19.3280
2026-08-03T13:20:55+05:00,4706,21.129,14.33,7.312,52,Discharging,19.3758
2026-08-03T13:21:05+05:00,4716,21.091,13.79,7.317,52,Discharging,19.4148
2026-08-03T13:21:15+05:00,4726,21.044,14.06,7.312,52,Discharging,19.4535
2026-08-03T13:21:25+05:00,4736,21.006,13.14,7.326,52,Discharging,19.4913
2026-08-03T13:21:35+05:00,4746,20.967,13.98,7.311,52,Discharging,19.5289
2026-08-03T13:21:45+05:00,4756,20.928,14.88,7.286,52,Discharging,19.5690
2026-08-03T13:21:55+05:00,4766,20.890,14.32,7.327,51,Discharging,19.6096
2026-08-03T13:22:05+05:00,4776,20.851,10.72,7.386,51,Discharging,19.6443
2026-08-03T13:22:15+05:00,4786,20.820,10.11,7.378,51,Discharging,19.6733
2026-08-03T13:22:25+05:00,4796,20.789,10.22,7.373,51,Discharging,19.7015
2026-08-03T13:22:35+05:00,4806,20.759,10.63,7.389,51,Discharging,19.7305
2026-08-03T13:22:45+05:00,4816,20.720,21.27,7.207,51,Discharging,19.7748
2026-08-03T13:22:55+05:00,4826,20.681,10.00,7.388,51,Discharging,19.8182
2026-08-03T13:23:05+05:00,4836,20.651,10.46,7.398,51,Discharging,19.8466
2026-08-03T13:23:15+05:00,4846,20.620,12.51,7.382,51,Discharging,19.8785
2026-08-03T13:23:25+05:00,4856,20.589,9.70,7.402,51,Discharging,19.9094
2026-08-03T13:23:35+05:00,4866,20.558,9.94,7.404,51,Discharging,19.9367
2026-08-03T13:23:45+05:00,4876,20.527,12.85,7.355,51,Discharging,19.9683
2026-08-03T13:23:55+05:00,4886,20.496,10.37,7.394,50,Discharging,20.0006
2026-08-03T13:24:05+05:00,4896,20.465,10.14,7.354,50,Discharging,20.0291
2026-08-03T13:24:15+05:00,4906,20.442,10.17,7.394,50,Discharging,20.0573
2026-08-03T13:24:25+05:00,4916,20.411,9.50,7.403,50,Discharging,20.0846
2026-08-03T13:24:35+05:00,4926,20.380,11.18,7.377,50,Discharging,20.1133
2026-08-03T13:24:45+05:00,4936,20.349,11.32,7.365,50,Discharging,20.1445
2026-08-03T13:24:55+05:00,4946,20.319,9.82,7.396,50,Discharging,20.1739
2026-08-03T13:25:05+05:00,4956,20.288,12.00,7.361,50,Discharging,20.2042
2026-08-03T13:25:15+05:00,4966,20.241,12.65,7.354,50,Discharging,20.2384
2026-08-03T13:25:25+05:00,4976,20.218,7.10,7.446,50,Discharging,20.2658
2026-08-03T13:25:35+05:00,4986,20.195,7.48,7.394,50,Discharging,20.2861
2026-08-03T13:25:46+05:00,4997,20.172,8.01,7.440,50,Discharging,20.3098
2026-08-03T13:25:56+05:00,5007,20.149,6.91,7.455,50,Discharging,20.3305
2026-08-03T13:26:06+05:00,5017,20.133,6.89,7.457,50,Discharging,20.3497
2026-08-03T13:26:16+05:00,5027,20.110,6.87,7.456,50,Discharging,20.3688
2026-08-03T13:26:26+05:00,5037,20.087,6.90,7.456,49,Discharging,20.3879
2026-08-03T13:26:36+05:00,5047,20.064,7.10,7.444,49,Discharging,20.4073
2026-08-03T13:26:46+05:00,5057,20.048,8.06,7.453,49,Discharging,20.4284
2026-08-03T13:26:56+05:00,5067,20.025,7.54,7.462,49,Discharging,20.4501
2026-08-03T13:27:06+05:00,5077,20.002,6.88,7.459,49,Discharging,20.4701
2026-08-03T13:27:16+05:00,5087,19.987,7.35,7.412,49,Discharging,20.4899
2026-08-03T13:27:26+05:00,5097,19.933,15.90,7.284,49,Discharging,20.5222
2026-08-03T13:27:36+05:00,5107,19.886,15.70,7.307,49,Discharging,20.5660
2026-08-03T13:27:46+05:00,5117,19.840,12.66,7.354,49,Discharging,20.6054
2026-08-03T13:27:56+05:00,5127,19.801,10.95,7.366,49,Discharging,20.6382
2026-08-03T13:28:06+05:00,5137,19.770,9.84,7.400,49,Discharging,20.6671
2026-08-03T13:28:16+05:00,5147,19.740,12.41,7.350,49,Discharging,20.6980
2026-08-03T13:28:26+05:00,5157,19.709,9.68,7.391,49,Discharging,20.7286
2026-08-03T13:28:36+05:00,5167,19.678,9.78,7.389,48,Discharging,20.7557
2026-08-03T13:28:46+05:00,5177,19.647,13.56,7.328,48,Discharging,20.7881
2026-08-03T13:28:56+05:00,5187,19.616,11.50,7.361,48,Discharging,20.8229
2026-08-03T13:29:06+05:00,5197,19.577,11.33,7.365,48,Discharging,20.8546
2026-08-03T13:29:16+05:00,5207,19.547,18.23,7.282,48,Discharging,20.8957
2026-08-03T13:29:26+05:00,5217,19.500,17.07,7.253,48,Discharging,20.9447
2026-08-03T13:29:36+05:00,5227,19.454,13.02,7.290,48,Discharging,20.9865
2026-08-03T13:29:46+05:00,5237,19.408,15.22,7.289,48,Discharging,21.0257
2026-08-03T13:29:56+05:00,5247,19.361,15.42,7.251,48,Discharging,21.0682
2026-08-03T13:30:06+05:00,5257,19.315,15.79,7.278,48,Discharging,21.1116
2026-08-03T13:30:16+05:00,5267,19.276,16.16,7.301,47,Discharging,21.1560
2026-08-03T13:30:26+05:00,5277,19.222,20.02,7.140,47,Discharging,21.2062
2026-08-03T13:30:37+05:00,5288,19.137,29.59,7.023,47,Discharging,21.2820
2026-08-03T13:30:47+05:00,5298,19.052,28.57,7.061,47,Discharging,21.3628
2026-08-03T13:30:57+05:00,5308,18.960,29.41,6.989,47,Discharging,21.4433
2026-08-03T13:31:07+05:00,5318,18.875,29.09,7.052,46,Discharging,21.5246
2026-08-03T13:31:17+05:00,5328,18.790,27.86,7.001,46,Discharging,21.6037
2026-08-03T13:31:27+05:00,5338,18.697,27.08,7.064,46,Discharging,21.6800
2026-08-03T13:31:37+05:00,5348,18.628,29.07,7.001,46,Discharging,21.7580
2026-08-03T13:31:47+05:00,5358,18.528,27.24,7.035,46,Discharging,21.8362
2026-08-03T13:31:57+05:00,5368,18.458,30.85,6.973,45,Discharging,21.9168
2026-08-03T13:32:07+05:00,5378,18.373,22.64,7.047,45,Discharging,21.9911
2026-08-03T13:32:17+05:00,5388,18.288,13.62,7.248,45,Discharging,22.0415
2026-08-03T13:32:27+05:00,5398,18.219,31.39,6.925,45,Discharging,22.1040
2026-08-03T13:32:37+05:00,5408,18.126,21.93,7.119,45,Discharging,22.1781
2026-08-03T13:32:47+05:00,5418,18.049,31.53,6.918,44,Discharging,22.2523
2026-08-03T13:32:57+05:00,5428,17.956,29.92,6.948,44,Discharging,22.3377
2026-08-03T13:33:07+05:00,5438,17.879,31.18,6.939,44,Discharging,22.4225
2026-08-03T13:33:17+05:00,5448,17.786,26.32,7.032,44,Discharging,22.5024
2026-08-03T13:33:27+05:00,5458,17.709,25.84,7.058,44,Discharging,22.5748
2026-08-03T13:33:37+05:00,5468,17.632,26.14,7.013,43,Discharging,22.6470
2026-08-03T13:33:47+05:00,5478,17.547,27.11,7.027,43,Discharging,22.7210
2026-08-03T13:33:57+05:00,5488,17.462,25.98,7.000,43,Discharging,22.7948
2026-08-03T13:34:07+05:00,5498,17.385,26.38,7.046,43,Discharging,22.8675
2026-08-03T13:34:17+05:00,5508,17.300,26.07,7.030,43,Discharging,22.9403
2026-08-03T13:34:27+05:00,5518,17.223,26.67,7.002,42,Discharging,23.0136
2026-08-03T13:34:37+05:00,5528,17.138,27.11,7.036,42,Discharging,23.0883
2026-08-03T13:34:47+05:00,5538,17.061,26.33,6.978,42,Discharging,23.1625
2026-08-03T13:34:57+05:00,5548,16.984,28.11,6.972,42,Discharging,23.2381
2026-08-03T13:35:07+05:00,5558,16.883,29.50,6.983,42,Discharging,23.3181
2026-08-03T13:35:17+05:00,5568,16.798,27.83,6.958,41,Discharging,23.3977
2026-08-03T13:35:27+05:00,5578,16.721,21.15,7.077,41,Discharging,23.4658
2026-08-03T13:35:37+05:00,5588,16.652,22.41,7.079,41,Discharging,23.5263
2026-08-03T13:35:47+05:00,5598,16.605,10.64,7.291,41,Discharging,23.5722
2026-08-03T13:35:57+05:00,5608,16.567,11.27,7.265,41,Discharging,23.6026
2026-08-03T13:36:08+05:00,5619,16.536,10.81,7.317,41,Discharging,23.6364
2026-08-03T13:36:18+05:00,5629,16.505,10.78,7.269,41,Discharging,23.6664
2026-08-03T13:36:28+05:00,5639,16.466,14.32,7.235,41,Discharging,23.7012
2026-08-03T13:36:38+05:00,5649,16.435,12.84,7.153,40,Discharging,23.7389
2026-08-03T13:36:48+05:00,5659,16.405,10.50,7.318,40,Discharging,23.7714
2026-08-03T13:36:58+05:00,5669,16.358,21.98,7.101,40,Discharging,23.8165
2026-08-03T13:37:08+05:00,5679,16.312,18.73,7.180,40,Discharging,23.8730
2026-08-03T13:37:18+05:00,5689,16.258,16.31,7.208,40,Discharging,23.9217
2026-08-03T13:37:28+05:00,5699,16.219,12.57,7.267,40,Discharging,23.9618
2026-08-03T13:37:38+05:00,5709,16.188,10.91,7.317,40,Discharging,23.9944
2026-08-03T13:37:48+05:00,5719,16.150,9.94,7.322,40,Discharging,24.0234
2026-08-03T13:37:58+05:00,5729,16.127,9.88,7.332,40,Discharging,24.0509
2026-08-03T13:38:08+05:00,5739,16.088,11.73,7.308,40,Discharging,24.0809
2026-08-03T13:38:18+05:00,5749,16.042,17.92,7.201,39,Discharging,24.1221
2026-08-03T13:38:28+05:00,5759,15.995,13.62,7.262,39,Discharging,24.1659
2026-08-03T13:38:38+05:00,5769,15.957,14.38,7.260,39,Discharging,24.2048
2026-08-03T13:38:48+05:00,5779,15.918,10.34,7.313,39,Discharging,24.2391
2026-08-03T13:38:58+05:00,5789,15.887,10.64,7.325,39,Discharging,24.2682
2026-08-03T13:39:08+05:00,5799,15.856,11.29,7.322,39,Discharging,24.2987
2026-08-03T13:39:18+05:00,5809,15.826,10.27,7.292,39,Discharging,24.3286
2026-08-03T13:39:28+05:00,5819,15.802,9.43,7.332,39,Discharging,24.3560
2026-08-03T13:39:38+05:00,5829,15.771,10.69,7.333,39,Discharging,24.3839
2026-08-03T13:39:48+05:00,5839,15.741,9.45,7.337,39,Discharging,24.4119
2026-08-03T13:39:58+05:00,5849,15.710,10.23,7.326,39,Discharging,24.4392
2026-08-03T13:40:08+05:00,5859,15.687,10.04,7.331,39,Discharging,24.4674
2026-08-03T13:40:18+05:00,5869,15.648,11.27,7.299,39,Discharging,24.4970
2026-08-03T13:40:28+05:00,5879,15.617,9.59,7.325,38,Discharging,24.5260
2026-08-03T13:40:38+05:00,5889,15.594,9.58,7.333,38,Discharging,24.5526
2026-08-03T13:40:48+05:00,5899,15.563,10.40,7.312,38,Discharging,24.5803
2026-08-03T13:40:58+05:00,5909,15.532,9.62,7.327,38,Discharging,24.6082
2026-08-03T13:41:08+05:00,5919,15.501,10.01,7.283,38,Discharging,24.6354
2026-08-03T13:41:19+05:00,5930,15.470,9.77,7.322,38,Discharging,24.6657
2026-08-03T13:41:29+05:00,5940,15.440,9.56,7.328,38,Discharging,24.6925
2026-08-03T13:41:39+05:00,5950,15.409,10.28,7.296,38,Discharging,24.7201
2026-08-03T13:41:49+05:00,5960,15.378,9.92,7.319,38,Discharging,24.7481
2026-08-03T13:41:59+05:00,5970,15.339,18.28,7.128,38,Discharging,24.7873
2026-08-03T13:42:09+05:00,5980,15.285,16.57,7.252,38,Discharging,24.8357
2026-08-03T13:42:19+05:00,5990,15.247,14.97,7.245,38,Discharging,24.8795
2026-08-03T13:42:29+05:00,6000,15.192,18.59,7.135,37,Discharging,24.9261
2026-08-03T13:42:39+05:00,6010,15.154,14.92,7.218,37,Discharging,24.9727
2026-08-03T13:42:49+05:00,6020,15.123,11.34,7.272,37,Discharging,25.0092
2026-08-03T13:42:59+05:00,6030,15.054,27.89,6.990,37,Discharging,25.0637
2026-08-03T13:43:09+05:00,6040,14.976,27.38,6.904,37,Discharging,25.1404
2026-08-03T13:43:19+05:00,6050,14.907,27.40,6.996,37,Discharging,25.2165
2026-08-03T13:43:29+05:00,6060,14.814,25.02,7.013,36,Discharging,25.2893
2026-08-03T13:43:39+05:00,6070,14.776,16.93,7.106,36,Discharging,25.3476
2026-08-03T13:43:49+05:00,6080,14.691,18.42,7.116,36,Discharging,25.3967
2026-08-03T13:43:59+05:00,6090,14.644,13.81,7.195,36,Discharging,25.4414
2026-08-03T13:44:09+05:00,6100,14.598,14.29,7.184,36,Discharging,25.4805
2026-08-03T13:44:19+05:00,6110,14.536,16.29,7.162,36,Discharging,25.5229
2026-08-03T13:44:29+05:00,6120,14.482,14.91,7.213,36,Discharging,25.5663
2026-08-03T13:44:39+05:00,6130,14.420,27.89,6.933,35,Discharging,25.6257
2026-08-03T13:44:49+05:00,6140,14.359,25.04,6.918,35,Discharging,25.6992
2026-08-03T13:44:59+05:00,6150,14.297,18.61,7.122,35,Discharging,25.7599
2026-08-03T13:45:09+05:00,6160,14.235,22.14,7.045,35,Discharging,25.8165
2026-08-03T13:45:20+05:00,6170,14.189,16.82,7.188,35,Discharging,25.8706
2026-08-03T13:45:30+05:00,6181,14.135,17.62,7.160,35,Discharging,25.9232
2026-08-03T13:45:40+05:00,6191,14.089,22.43,7.011,35,Discharging,25.9788
2026-08-03T13:45:50+05:00,6201,14.027,18.58,7.069,35,Discharging,26.0358
2026-08-03T13:46:00+05:00,6211,13.957,16.64,7.179,34,Discharging,26.0847
2026-08-03T13:46:10+05:00,6221,13.903,15.15,7.145,34,Discharging,26.1289
2026-08-03T13:46:20+05:00,6231,13.865,11.04,7.256,34,Discharging,26.1652
2026-08-03T13:46:30+05:00,6241,13.818,13.91,7.202,34,Discharging,26.1999
2026-08-03T13:46:40+05:00,6251,13.780,13.90,7.230,34,Discharging,26.2385
2026-08-03T13:46:50+05:00,6261,13.733,13.98,7.207,34,Discharging,26.2772
2026-08-03T13:47:00+05:00,6271,13.695,13.86,7.212,34,Discharging,26.3159
2026-08-03T13:47:10+05:00,6281,13.648,14.92,7.185,34,Discharging,26.3558
2026-08-03T13:47:20+05:00,6291,13.602,16.78,7.096,33,Discharging,26.3999
2026-08-03T13:47:30+05:00,6301,13.556,18.71,7.106,33,Discharging,26.4492
2026-08-03T13:47:40+05:00,6311,13.510,14.14,7.182,33,Discharging,26.4948
2026-08-03T13:47:50+05:00,6321,13.463,13.58,7.210,33,Discharging,26.5333
2026-08-03T13:48:00+05:00,6331,13.425,13.75,7.228,33,Discharging,26.5712
2026-08-03T13:48:10+05:00,6341,13.378,15.14,7.190,33,Discharging,26.6113
2026-08-03T13:48:20+05:00,6351,13.340,16.00,7.204,33,Discharging,26.6546
2026-08-03T13:48:30+05:00,6361,13.293,13.81,7.214,33,Discharging,26.6960
2026-08-03T13:48:40+05:00,6371,13.255,15.58,7.193,33,Discharging,26.7368
2026-08-03T13:48:50+05:00,6381,13.201,14.37,7.143,32,Discharging,26.7784
2026-08-03T13:49:00+05:00,6391,13.147,16.86,7.113,32,Discharging,26.8218
2026-08-03T13:49:10+05:00,6401,13.085,17.46,7.135,32,Discharging,26.8694
2026-08-03T13:49:20+05:00,6411,13.015,26.05,6.964,32,Discharging,26.9299
2026-08-03T13:49:30+05:00,6421,12.938,27.24,6.970,32,Discharging,27.0039
2026-08-03T13:49:41+05:00,6432,12.884,10.58,7.257,32,Discharging,27.0617
2026-08-03T13:49:51+05:00,6442,12.853,10.11,7.269,32,Discharging,27.0904
2026-08-03T13:50:01+05:00,6452,12.815,27.15,6.963,32,Discharging,27.1422
2026-08-03T13:50:11+05:00,6462,12.753,16.64,7.140,31,Discharging,27.2030
2026-08-03T13:50:21+05:00,6472,12.699,18.57,7.162,31,Discharging,27.2519
2026-08-03T13:50:31+05:00,6482,12.645,16.84,7.152,31,Discharging,27.3011
2026-08-03T13:50:41+05:00,6492,12.599,15.61,7.176,31,Discharging,27.3461
2026-08-03T13:50:51+05:00,6502,12.552,17.09,7.152,31,Discharging,27.3915
2026-08-03T13:51:01+05:00,6512,12.460,36.18,6.833,31,Discharging,27.4655
2026-08-03T13:51:11+05:00,6522,12.398,13.26,7.212,31,Discharging,27.5342
2026-08-03T13:51:21+05:00,6532,12.352,23.97,7.081,30,Discharging,27.5859
2026-08-03T13:51:31+05:00,6542,12.243,25.64,6.835,30,Discharging,27.6548
2026-08-03T13:51:41+05:00,6552,12.159,31.88,6.975,30,Discharging,27.7347
2026-08-03T13:51:51+05:00,6562,12.058,34.85,6.785,30,Discharging,27.8274
2026-08-03T13:52:01+05:00,6572,11.966,32.69,6.909,29,Discharging,27.9212
2026-08-03T13:52:11+05:00,6582,11.888,20.48,7.075,29,Discharging,27.9950
2026-08-03T13:52:21+05:00,6592,11.819,20.92,7.000,29,Discharging,28.0526
2026-08-03T13:52:31+05:00,6602,11.749,20.86,7.069,29,Discharging,28.1106
2026-08-03T13:52:41+05:00,6612,11.688,20.21,7.019,29,Discharging,28.1676
2026-08-03T13:52:51+05:00,6622,11.610,21.98,7.051,29,Discharging,28.2262
2026-08-03T13:53:01+05:00,6632,11.556,23.84,7.032,28,Discharging,28.2899
2026-08-03T13:53:11+05:00,6642,11.487,24.74,7.016,28,Discharging,28.3574
2026-08-03T13:53:21+05:00,6652,11.417,19.10,7.077,28,Discharging,28.4182
2026-08-03T13:53:31+05:00,6662,11.379,10.96,7.228,28,Discharging,28.4600
2026-08-03T13:53:41+05:00,6672,11.325,25.78,6.964,28,Discharging,28.5110
2026-08-03T13:53:51+05:00,6682,11.271,19.76,7.076,28,Discharging,28.5743
2026-08-03T13:54:01+05:00,6692,11.232,18.23,7.053,28,Discharging,28.6270
2026-08-03T13:54:11+05:00,6702,11.163,18.72,7.067,27,Discharging,28.6784
2026-08-03T13:54:21+05:00,6712,11.093,25.58,6.994,27,Discharging,28.7399
2026-08-03T13:54:32+05:00,6722,11.008,23.46,6.875,27,Discharging,28.8080
2026-08-03T13:54:42+05:00,6733,10.962,16.14,7.128,27,Discharging,28.8685
2026-08-03T13:54:52+05:00,6743,10.900,19.70,7.091,27,Discharging,28.9183
2026-08-03T13:55:02+05:00,6753,10.838,20.49,7.045,27,Discharging,28.9741
2026-08-03T13:55:12+05:00,6763,10.784,24.23,6.932,27,Discharging,29.0362
2026-08-03T13:55:22+05:00,6773,10.715,19.26,7.049,26,Discharging,29.0966
2026-08-03T13:55:32+05:00,6783,10.645,23.59,6.921,26,Discharging,29.1561
2026-08-03T13:55:42+05:00,6793,10.584,17.48,7.082,26,Discharging,29.2132
2026-08-03T13:55:52+05:00,6803,10.514,19.07,7.057,26,Discharging,29.2640
2026-08-03T13:56:02+05:00,6813,10.437,30.18,6.858,26,Discharging,29.3324
2026-08-03T13:56:12+05:00,6823,10.360,24.85,6.960,26,Discharging,29.4088
2026-08-03T13:56:22+05:00,6833,10.290,24.29,6.979,25,Discharging,29.4771
2026-08-03T13:56:32+05:00,6843,10.229,22.64,6.983,25,Discharging,29.5422
2026-08-03T13:56:42+05:00,6853,10.159,17.60,7.073,25,Discharging,29.5981
2026-08-03T13:56:52+05:00,6863,10.097,25.23,6.958,25,Discharging,29.6576
2026-08-03T13:57:02+05:00,6873,10.043,19.13,7.028,25,Discharging,29.7192
2026-08-03T13:57:12+05:00,6883,9.966,16.87,7.094,25,Discharging,29.7692
2026-08-03T13:57:22+05:00,6893,9.889,27.88,6.904,24,Discharging,29.8314
2026-08-03T13:57:32+05:00,6903,9.788,29.89,6.851,24,Discharging,29.9116
2026-08-03T13:57:42+05:00,6913,9.696,20.71,6.998,24,Discharging,29.9819
2026-08-03T13:57:52+05:00,6923,9.642,20.14,7.045,24,Discharging,30.0386
2026-08-03T13:58:02+05:00,6933,9.580,17.30,7.017,24,Discharging,30.0906
2026-08-03T13:58:12+05:00,6943,9.495,32.06,6.789,23,Discharging,30.1592
2026-08-03T13:58:22+05:00,6953,9.426,23.99,6.851,23,Discharging,30.2370
2026-08-03T13:58:32+05:00,6963,9.364,22.47,6.915,23,Discharging,30.3016
2026-08-03T13:58:42+05:00,6973,9.287,16.27,7.072,23,Discharging,30.3554
2026-08-03T13:58:53+05:00,6984,9.202,33.23,6.844,23,Discharging,30.4310
2026-08-03T13:59:03+05:00,6994,9.125,20.55,6.989,22,Discharging,30.5057
2026-08-03T13:59:13+05:00,7004,9.047,23.92,6.851,22,Discharging,30.5675
2026-08-03T13:59:23+05:00,7014,8.978,23.44,6.944,22,Discharging,30.6332
2026-08-03T13:59:33+05:00,7024,8.916,19.15,7.021,22,Discharging,30.6924
2026-08-03T13:59:43+05:00,7034,8.847,21.96,6.983,22,Discharging,30.7495
2026-08-03T13:59:53+05:00,7044,8.777,28.14,6.898,22,Discharging,30.8191
2026-08-03T14:00:03+05:00,7054,8.708,25.10,6.929,21,Discharging,30.8930
2026-08-03T14:00:13+05:00,7064,8.654,19.39,7.029,21,Discharging,30.9548
2026-08-03T14:00:23+05:00,7074,8.592,20.93,6.922,21,Discharging,31.0108
2026-08-03T14:00:33+05:00,7084,8.507,28.53,6.851,21,Discharging,31.0795
2026-08-03T14:00:43+05:00,7094,8.437,21.31,6.941,21,Discharging,31.1487
2026-08-03T14:00:53+05:00,7104,8.376,24.01,6.990,21,Discharging,31.2117
2026-08-03T14:01:03+05:00,7114,8.306,17.54,7.065,20,Discharging,31.2694
2026-08-03T14:01:13+05:00,7124,8.252,22.13,6.964,20,Discharging,31.3245
2026-08-03T14:01:23+05:00,7134,8.175,27.17,6.854,20,Discharging,31.3929
2026-08-03T14:01:33+05:00,7144,8.106,24.77,6.857,20,Discharging,31.4651
2026-08-03T14:01:43+05:00,7154,8.051,19.62,6.995,20,Discharging,31.5267
2026-08-03T14:01:53+05:00,7164,7.967,27.15,6.839,20,Discharging,31.5917
2026-08-03T14:02:03+05:00,7174,7.905,24.67,6.843,19,Discharging,31.6636
2026-08-03T14:02:13+05:00,7184,7.843,19.59,7.010,19,Discharging,31.7251
2026-08-03T14:02:23+05:00,7194,7.774,21.52,6.962,19,Discharging,31.7822
2026-08-03T14:02:33+05:00,7204,7.712,20.89,6.988,19,Discharging,31.8411
2026-08-03T14:02:43+05:00,7214,7.650,17.29,7.027,19,Discharging,31.8941
2026-08-03T14:02:53+05:00,7224,7.596,26.25,6.896,19,Discharging,31.9546
2026-08-03T14:03:03+05:00,7234,7.542,19.79,7.002,19,Discharging,32.0185
2026-08-03T14:03:13+05:00,7244,7.472,18.21,6.997,18,Discharging,32.0713
2026-08-03T14:03:23+05:00,7254,7.426,20.28,6.999,18,Discharging,32.1248
2026-08-03T14:03:33+05:00,7264,7.364,18.52,7.029,18,Discharging,32.1787
2026-08-03T14:03:43+05:00,7274,7.310,17.09,7.034,18,Discharging,32.2281
2026-08-03T14:03:53+05:00,7284,7.241,27.33,6.870,18,Discharging,32.2898
2026-08-03T14:04:04+05:00,7295,7.171,22.07,6.923,18,Discharging,32.3653
2026-08-03T14:04:14+05:00,7305,7.110,19.06,7.018,18,Discharging,32.4224
2026-08-03T14:04:24+05:00,7315,7.056,15.38,7.072,17,Discharging,32.4702
2026-08-03T14:04:34+05:00,7325,6.986,19.38,6.927,17,Discharging,32.5185
2026-08-03T14:04:44+05:00,7335,6.948,12.65,7.090,17,Discharging,32.5630
2026-08-03T14:04:54+05:00,7345,6.901,18.40,7.001,17,Discharging,32.6061
2026-08-03T14:05:04+05:00,7355,6.839,21.70,6.939,17,Discharging,32.6618
2026-08-03T14:05:14+05:00,7365,6.778,23.83,6.968,17,Discharging,32.7251
2026-08-03T14:05:24+05:00,7375,6.731,19.13,6.968,17,Discharging,32.7848
2026-08-03T14:05:34+05:00,7385,6.662,20.31,6.976,16,Discharging,32.8395
2026-08-03T14:05:44+05:00,7395,6.592,23.18,6.913,16,Discharging,32.8999
2026-08-03T14:05:54+05:00,7405,6.507,33.73,6.685,16,Discharging,32.9790
2026-08-03T14:06:04+05:00,7415,6.423,18.50,6.954,16,Discharging,33.0515
2026-08-03T14:06:14+05:00,7425,6.361,23.04,6.839,16,Discharging,33.1092
2026-08-03T14:06:24+05:00,7435,6.299,19.69,6.949,16,Discharging,33.1686
2026-08-03T14:06:34+05:00,7445,6.222,25.71,6.867,15,Discharging,33.2316
2026-08-03T14:06:44+05:00,7455,6.152,22.03,6.892,15,Discharging,33.2979
2026-08-03T14:06:54+05:00,7465,6.067,30.64,6.684,15,Discharging,33.3711
2026-08-03T14:07:04+05:00,7475,5.975,28.28,6.735,15,Discharging,33.4529
2026-08-03T14:07:14+05:00,7485,5.905,17.61,6.964,15,Discharging,33.5167
2026-08-03T14:07:24+05:00,7495,5.859,19.99,6.928,14,Discharging,33.5689
2026-08-03T14:07:34+05:00,7505,5.782,17.11,6.937,14,Discharging,33.6204
2026-08-03T14:07:45+05:00,7516,5.728,23.41,6.871,14,Discharging,33.6823
2026-08-03T14:07:55+05:00,7526,5.674,17.15,6.980,14,Discharging,33.7386
2026-08-03T14:08:05+05:00,7536,5.620,14.42,7.036,14,Discharging,33.7825
2026-08-03T14:08:15+05:00,7546,5.573,14.91,7.034,14,Discharging,33.8232
2026-08-03T14:08:25+05:00,7556,5.519,14.91,7.041,14,Discharging,33.8646
2026-08-03T14:08:35+05:00,7566,5.473,19.54,6.933,13,Discharging,33.9125
2026-08-03T14:08:45+05:00,7576,5.404,15.03,7.032,13,Discharging,33.9605
2026-08-03T14:08:55+05:00,7586,5.357,13.99,7.036,13,Discharging,34.0008
2026-08-03T14:09:05+05:00,7596,5.326,14.24,7.037,13,Discharging,34.0400
2026-08-03T14:09:15+05:00,7606,5.265,21.03,6.919,13,Discharging,34.0890
2026-08-03T14:09:25+05:00,7616,5.203,18.21,6.921,13,Discharging,34.1435
2026-08-03T14:09:35+05:00,7626,5.149,17.47,6.975,13,Discharging,34.1931
2026-08-03T14:09:45+05:00,7636,5.087,19.99,6.947,13,Discharging,34.2451
2026-08-03T14:09:55+05:00,7646,5.041,16.62,6.982,12,Discharging,34.2959
2026-08-03T14:10:05+05:00,7656,4.987,17.61,6.972,12,Discharging,34.3435
2026-08-03T14:10:15+05:00,7666,4.925,18.17,6.974,12,Discharging,34.3932
2026-08-03T14:10:25+05:00,7676,4.863,16.70,6.995,12,Discharging,34.4416
2026-08-03T14:10:35+05:00,7686,4.817,11.93,7.072,12,Discharging,34.4814
2026-08-03T14:10:45+05:00,7696,4.778,18.59,6.919,12,Discharging,34.5238
2026-08-03T14:10:55+05:00,7706,4.724,14.95,6.991,12,Discharging,34.5703
2026-08-03T14:11:06+05:00,7717,4.670,19.42,6.901,11,Discharging,34.6229
2026-08-03T14:11:16+05:00,7727,4.616,19.03,6.947,11,Discharging,34.6762
2026-08-03T14:11:26+05:00,7737,4.562,19.14,6.869,11,Discharging,34.7293
2026-08-03T14:11:36+05:00,7747,4.508,15.85,7.011,11,Discharging,34.7778
2026-08-03T14:11:46+05:00,7757,4.462,15.61,6.999,11,Discharging,34.8216
2026-08-03T14:11:56+05:00,7767,4.408,16.47,6.933,11,Discharging,34.8661
2026-08-03T14:12:06+05:00,7777,4.369,17.97,6.990,11,Discharging,34.9140
2026-08-03T14:12:16+05:00,7787,4.315,16.71,6.982,11,Discharging,34.9621
2026-08-03T14:12:26+05:00,7797,4.269,14.86,6.986,11,Discharging,35.0060
2026-08-03T14:12:36+05:00,7807,4.222,19.01,6.880,10,Discharging,35.0530
2026-08-03T14:12:46+05:00,7817,4.168,14.10,7.009,10,Discharging,35.0990
2026-08-03T14:12:56+05:00,7827,4.130,10.71,7.063,10,Discharging,35.1335
2026-08-03T14:13:06+05:00,7837,4.099,11.28,7.073,10,Discharging,35.1640
2026-08-03T14:13:16+05:00,7847,4.045,22.07,6.911,10,Discharging,35.2103
2026-08-03T14:13:26+05:00,7857,4.006,13.56,7.003,10,Discharging,35.2598
2026-08-03T14:13:36+05:00,7867,3.952,19.83,6.874,10,Discharging,35.3062
2026-08-03T14:13:46+05:00,7877,3.898,17.88,6.870,10,Discharging,35.3586
2026-08-03T14:13:56+05:00,7887,3.852,15.83,6.985,9,Discharging,35.4054
2026-08-03T14:14:06+05:00,7897,3.813,14.72,7.002,9,Discharging,35.4478
2026-08-03T14:14:16+05:00,7907,3.767,10.24,7.075,9,Discharging,35.4825
2026-08-03T14:14:26+05:00,7917,3.736,10.26,7.079,9,Discharging,35.5109
2026-08-03T14:14:36+05:00,7927,3.697,11.43,7.049,9,Discharging,35.5411
2026-08-03T14:14:46+05:00,7937,3.659,12.38,7.037,9,Discharging,35.5741
2026-08-03T14:14:56+05:00,7947,3.612,16.77,6.935,9,Discharging,35.6146
2026-08-03T14:15:06+05:00,7957,3.551,20.87,6.881,9,Discharging,35.6669
2026-08-03T14:15:17+05:00,7968,3.497,19.31,6.933,9,Discharging,35.7283
2026-08-03T14:15:27+05:00,7978,3.443,16.74,6.929,8,Discharging,35.7784
2026-08-03T14:15:37+05:00,7988,3.381,16.98,6.914,8,Discharging,35.8252
2026-08-03T14:15:47+05:00,7998,3.342,10.93,7.042,8,Discharging,35.8640
2026-08-03T14:15:57+05:00,8008,3.304,9.59,7.068,8,Discharging,35.8925
2026-08-03T14:16:07+05:00,8018,3.273,9.95,7.064,8,Discharging,35.9196
2026-08-03T14:16:17+05:00,8028,3.234,10.43,7.044,8,Discharging,35.9479
2026-08-03T14:16:27+05:00,8038,3.180,16.45,6.933,8,Discharging,35.9852
