epoch,pkg_w,psys_w,cpu_freq_avg_mhz,cpu_freq_max_mhz,pkg_temp_c,sen3_c,bat_status,bat_pct,bat_power_w,ac_online,pkg_throttle_count,core_throttle_count,platform_profile
1784603409,4.38,24.86,835,3400,43.0,47.0,Charging,68,18.90,1,72,28,balanced
1784603410,3.61,23.69,648,3400,45.0,47.0,Charging,68,18.90,1,72,28,balanced
1784603411,3.44,23.00,825,3400,47.0,47.0,Charging,68,18.90,1,72,28,balanced
1784603412,3.72,23.67,837,3266,43.0,47.0,Charging,68,18.89,1,72,28,balanced
1784603413,3.63,23.32,942,3415,45.0,47.0,Charging,68,18.90,1,72,28,balanced
1784603414,3.44,23.09,739,3334,43.0,47.0,Charging,68,18.89,1,72,28,balanced
1784603415,3.79,23.71,643,3311,43.0,47.0,Charging,68,18.88,1,72,28,balanced
1784603416,3.55,23.23,646,2915,41.0,47.0,Charging,68,18.88,1,72,28,balanced
1784603417,5.44,27.04,495,1871,41.0,47.0,Charging,68,18.88,1,72,28,balanced
1784603418,3.12,22.45,596,1908,41.0,47.0,Charging,68,18.88,1,72,28,balanced
1784603419,2.72,18.88,647,2424,41.0,47.0,Charging,68,18.87,1,72,28,balanced
1784603420,2.34,15.96,600,1701,41.0,47.0,Charging,68,18.86,1,72,28,balanced
1784603421,2.34,15.51,606,1983,42.0,47.0,Charging,68,18.85,1,72,28,balanced
1784603422,2.39,13.26,519,1700,41.0,47.0,Charging,68,18.85,1,72,28,balanced
1784603423,2.42,13.10,496,1725,41.0,47.0,Charging,68,18.85,1,72,28,balanced
1784603425,2.49,13.20,527,2078,41.0,47.0,Charging,68,18.85,1,72,28,balanced
1784603426,2.34,12.98,731,2084,42.0,47.0,Charging,68,18.85,1,72,28,balanced
1784603427,2.57,13.67,640,2288,40.0,47.0,Charging,68,18.85,1,72,28,balanced
1784603428,2.48,13.23,486,1700,41.0,47.0,Charging,68,18.84,1,72,28,balanced
1784603429,2.67,13.56,549,1946,41.0,47.0,Charging,68,18.84,1,72,28,balanced
1784603430,2.36,12.95,604,3280,42.0,47.0,Charging,68,18.84,1,72,28,balanced
1784603431,2.48,13.13,892,3400,41.0,47.0,Charging,68,18.83,1,72,28,balanced
1784603432,2.56,13.26,755,3306,41.0,47.0,Charging,68,18.82,1,72,28,balanced
1784603433,2.49,13.15,616,3298,41.0,46.0,Charging,68,18.82,1,72,28,balanced
1784603434,2.50,13.22,542,1722,40.0,46.0,Charging,68,18.82,1,72,28,balanced
1784603435,2.42,13.06,627,3341,42.0,46.0,Charging,68,18.82,1,72,28,balanced
1784603436,2.53,13.21,558,2475,41.0,46.0,Charging,68,18.82,1,72,28,balanced
1784603437,2.40,13.12,835,3426,42.0,46.0,Charging,68,18.81,1,72,28,balanced
1784603438,2.75,14.00,701,2032,40.0,46.0,Charging,68,18.81,1,72,28,balanced
1784603439,2.68,13.86,656,3312,41.0,46.0,Charging,68,18.80,1,72,28,balanced
1784603440,2.38,12.98,554,2214,41.0,46.0,Charging,68,18.79,1,72,28,balanced
1784603441,2.43,13.08,490,1819,40.0,46.0,Charging,68,18.80,1,72,28,balanced
1784603442,2.43,13.08,651,1702,40.0,46.0,Charging,68,18.80,1,72,28,balanced
1784603443,2.30,12.89,954,3417,43.0,46.0,Charging,68,18.80,1,72,28,balanced
1784603445,2.48,13.16,995,3408,42.0,46.0,Charging,68,18.78,1,72,28,balanced
1784603446,2.40,12.94,1077,3399,41.0,46.0,Charging,68,18.77,1,72,28,balanced
1784603447,2.43,12.97,820,3419,43.0,46.0,Charging,68,18.76,1,72,28,balanced
1784603448,2.64,13.65,936,3351,42.0,46.0,Charging,68,18.77,1,72,28,balanced
1784603449,2.60,13.30,994,4402,41.0,46.0,Charging,68,18.76,1,72,28,balanced
1784603450,2.53,13.25,679,3327,40.0,46.0,Charging,68,18.75,1,72,28,balanced
1784603451,2.52,13.15,848,3395,41.0,46.0,Charging,68,18.75,1,72,28,balanced
1784603452,2.40,12.92,920,3392,41.0,46.0,Charging,68,18.76,1,72,28,balanced
1784603453,2.47,13.02,666,3383,42.0,46.0,Charging,68,18.75,1,72,28,balanced
1784603454,2.61,13.30,625,3335,41.0,45.0,Charging,68,18.75,1,72,28,balanced
1784603455,2.55,13.14,858,3157,41.0,45.0,Charging,68,18.74,1,72,28,balanced
1784603456,2.41,13.00,798,3413,42.0,45.0,Charging,68,18.74,1,72,28,balanced
1784603457,2.42,12.93,644,3328,41.0,45.0,Charging,68,18.73,1,72,28,balanced
1784603458,2.52,13.07,630,3051,41.0,45.0,Charging,68,18.73,1,72,28,balanced
1784603459,2.66,13.98,903,3335,40.0,45.0,Charging,68,18.73,1,72,28,balanced
1784603460,2.59,13.32,529,1744,40.0,45.0,Charging,68,18.72,1,72,28,balanced
1784603461,2.52,13.09,647,1729,41.0,45.0,Charging,68,18.72,1,72,28,balanced
1784603462,2.40,13.03,556,1846,40.0,45.0,Charging,68,18.71,1,72,28,balanced
1784603463,2.35,12.80,626,3312,40.0,45.0,Charging,68,18.71,1,72,28,balanced
1784603464,2.41,12.87,598,3399,41.0,45.0,Charging,68,18.70,1,72,28,balanced
1784603466,2.48,12.99,683,3335,40.0,45.0,Charging,68,18.71,1,72,28,balanced
1784603467,2.53,13.04,550,2171,40.0,45.0,Charging,68,18.71,1,72,28,balanced
1784603468,2.61,13.54,532,1700,40.0,45.0,Charging,68,18.69,1,72,28,balanced
1784603469,2.43,13.35,652,3347,43.0,45.0,Charging,68,18.69,1,72,28,balanced
1784603470,2.50,13.10,700,3372,40.0,45.0,Charging,68,18.68,1,72,28,balanced
1784603471,2.49,12.99,986,3398,40.0,45.0,Charging,68,18.68,1,72,28,balanced
1784603472,2.45,12.91,479,1600,40.0,45.0,Charging,68,18.68,1,72,28,balanced
1784603473,2.34,12.80,1008,3428,40.0,45.0,Charging,68,18.67,1,72,28,balanced
1784603474,2.47,13.01,703,3335,40.0,45.0,Charging,68,18.67,1,72,28,balanced
1784603475,2.47,13.02,1168,3373,40.0,45.0,Charging,68,18.67,1,72,28,balanced
1784603476,2.43,12.90,850,3424,41.0,45.0,Charging,68,18.67,1,72,28,balanced
1784603477,26.49,44.94,2742,3003,72.0,45.0,Charging,68,18.66,1,72,28,balanced
1784603478,35.72,56.01,2794,3130,76.0,45.0,Charging,69,18.07,1,72,28,balanced
1784603479,35.60,56.01,2631,3100,76.0,45.0,Charging,69,18.68,1,72,28,balanced
1784603480,35.54,56.00,2798,3110,77.0,45.0,Charging,69,18.66,1,72,28,balanced
1784603481,35.49,56.03,2573,3000,76.0,45.0,Charging,69,18.64,1,72,28,balanced
1784603482,35.47,55.95,2800,3111,78.0,45.0,Charging,69,18.64,1,72,28,balanced
1784603483,35.41,55.97,2804,3152,77.0,45.0,Charging,69,18.63,1,72,28,balanced
1784603484,35.42,56.03,2765,3062,77.0,45.0,Charging,69,18.62,1,72,28,balanced
1784603485,35.44,56.05,2740,3007,77.0,45.0,Charging,69,18.61,1,72,28,balanced
1784603486,35.35,55.97,2758,3100,77.0,45.0,Charging,69,18.59,1,72,28,balanced
1784603488,35.19,55.98,2623,3100,78.0,45.0,Charging,69,18.57,1,72,28,balanced
1784603489,35.44,56.04,2800,3105,79.0,45.0,Charging,69,18.57,1,72,28,balanced
1784603490,35.25,56.02,2641,2905,78.0,46.0,Charging,69,18.57,1,72,28,balanced
1784603491,35.30,55.96,2632,3111,79.0,46.0,Charging,69,18.57,1,72,28,balanced
1784603492,35.38,56.00,2625,3116,79.0,46.0,Charging,69,18.54,1,72,28,balanced
1784603493,35.23,56.03,2790,3109,82.0,46.0,Charging,69,18.53,1,72,28,balanced
1784603494,35.31,55.95,2624,3090,79.0,46.0,Charging,69,18.53,1,72,28,balanced
1784603495,35.23,55.93,2628,3109,81.0,47.0,Charging,69,18.52,1,72,28,balanced
1784603496,35.15,55.97,2799,3102,81.0,47.0,Charging,69,18.51,1,72,28,balanced
1784603497,35.14,55.96,2621,3100,79.0,47.0,Charging,69,18.50,1,72,28,balanced
1784603498,34.79,56.01,2796,3104,81.0,48.0,Charging,69,18.50,1,72,28,balanced
1784603499,34.71,55.88,2800,3100,81.0,48.0,Charging,69,18.48,1,72,28,balanced
1784603500,35.06,56.00,2632,3111,82.0,48.0,Charging,69,18.47,1,72,28,balanced
1784603501,35.07,56.00,2744,3100,81.0,49.0,Charging,69,18.47,1,72,28,balanced
1784603502,34.93,55.94,2631,3110,83.0,49.0,Charging,69,18.46,1,72,28,balanced
1784603503,34.98,55.99,2733,3016,82.0,49.0,Charging,69,18.45,1,72,28,balanced
1784603504,34.83,55.94,2734,3002,82.0,49.0,Charging,69,18.43,1,72,28,balanced
1784603505,34.92,55.98,2618,3100,83.0,50.0,Charging,69,18.43,1,72,28,balanced
1784603506,34.90,55.96,2715,3100,81.0,50.0,Charging,69,18.43,1,72,28,balanced
1784603507,34.65,55.99,2557,3000,82.0,50.0,Charging,69,18.42,1,72,28,balanced
1784603508,34.82,56.00,2585,3000,82.0,50.0,Charging,69,18.42,1,72,28,balanced
1784603509,34.67,55.97,2586,3000,83.0,51.0,Charging,69,18.41,1,72,28,balanced
1784603510,34.72,55.96,2749,3000,83.0,51.0,Charging,69,18.39,1,72,28,balanced
1784603511,34.61,55.97,2563,3000,82.0,51.0,Charging,69,18.39,1,72,28,balanced
1784603512,34.71,55.97,2750,3018,83.0,51.0,Charging,69,18.37,1,72,28,balanced
1784603513,34.72,55.99,2742,3000,82.0,51.0,Charging,69,18.37,1,72,28,balanced
1784603514,33.31,55.95,2732,3044,82.0,51.0,Charging,69,18.35,1,72,28,balanced
1784603516,34.72,55.96,2746,3000,82.0,52.0,Charging,69,18.36,1,72,28,balanced
1784603517,34.71,56.03,2753,3055,83.0,52.0,Charging,69,18.35,1,72,28,balanced
1784603518,34.63,55.97,2587,3009,82.0,52.0,Charging,69,18.34,1,72,28,balanced
1784603519,34.71,55.95,2586,3008,82.0,52.0,Charging,69,18.34,1,72,28,balanced
1784603520,34.67,56.02,2744,3011,81.0,53.0,Charging,69,18.33,1,72,28,balanced
1784603521,34.64,55.95,2747,3000,83.0,53.0,Charging,69,18.32,1,72,28,balanced
1784603522,34.68,56.01,2745,3057,83.0,53.0,Charging,69,18.31,1,72,28,balanced
1784603523,34.24,55.97,2584,3004,82.0,53.0,Charging,69,18.30,1,72,28,balanced
1784603524,34.61,55.96,2578,3008,82.0,54.0,Charging,69,18.29,1,72,28,balanced
1784603525,34.64,56.00,2750,3011,82.0,54.0,Charging,69,18.29,1,72,28,balanced
1784603526,34.62,56.00,2748,3008,85.0,54.0,Charging,69,18.28,1,72,28,balanced
1784603527,34.56,55.93,2746,3000,83.0,54.0,Charging,69,18.28,1,72,28,balanced
1784603528,34.57,56.04,2585,3000,83.0,54.0,Charging,69,18.27,1,72,28,balanced
1784603529,34.34,56.03,2657,3000,83.0,54.0,Charging,69,18.27,1,72,28,balanced
1784603530,34.45,55.90,2750,3001,83.0,54.0,Charging,69,18.26,1,72,28,balanced
1784603531,34.59,55.99,2751,3009,86.0,55.0,Charging,69,18.25,1,72,28,balanced
1784603532,34.55,56.01,2577,3008,83.0,55.0,Charging,69,18.24,1,72,28,balanced
1784603533,34.51,55.96,2573,3000,85.0,55.0,Charging,69,18.24,1,72,28,balanced
1784603534,34.20,56.01,2582,3009,83.0,55.0,Charging,69,18.23,1,72,28,balanced
1784603535,34.51,55.99,2583,3000,85.0,55.0,Charging,69,18.23,1,72,28,balanced
1784603536,34.39,55.98,2727,3010,83.0,55.0,Charging,69,18.22,1,72,28,balanced
1784603537,34.14,55.95,2743,3000,83.0,56.0,Charging,69,18.22,1,72,28,balanced
1784603538,34.40,56.05,2491,2909,83.0,56.0,Charging,69,18.21,1,72,28,balanced
1784603539,34.06,55.95,2650,2901,83.0,56.0,Charging,69,18.21,1,72,28,balanced
1784603540,34.35,56.00,2588,3009,83.0,56.0,Charging,69,18.19,1,72,28,balanced
1784603541,34.29,56.01,2587,3001,85.0,56.0,Charging,69,18.19,1,72,28,balanced
1784603543,34.29,56.01,2499,2940,85.0,56.0,Charging,69,18.19,1,72,28,balanced
1784603544,34.33,55.96,2570,3005,86.0,57.0,Charging,69,18.19,1,72,28,balanced
1784603545,34.03,56.00,2729,3029,86.0,57.0,Charging,69,18.17,1,72,28,balanced
1784603546,34.35,55.95,2566,3000,85.0,57.0,Charging,69,18.16,1,72,28,balanced
1784603547,34.33,56.03,2514,3000,85.0,57.0,Charging,69,18.15,1,72,28,balanced
1784603548,34.26,56.00,2748,3000,86.0,57.0,Charging,69,18.15,1,72,28,balanced
1784603549,34.40,55.96,2566,3000,86.0,57.0,Charging,69,18.15,1,72,28,balanced
1784603550,34.42,56.00,2719,3000,86.0,57.0,Charging,69,18.14,1,72,28,balanced
1784603551,34.42,55.98,2587,3000,86.0,57.0,Charging,69,18.14,1,72,28,balanced
1784603552,34.43,56.00,2750,3005,86.0,57.0,Charging,69,18.13,1,72,28,balanced
1784603553,34.41,56.00,2588,3009,86.0,57.0,Charging,69,18.13,1,72,28,balanced
1784603554,34.14,55.98,2749,3091,86.0,57.0,Charging,69,18.12,1,72,28,balanced
1784603555,34.06,55.98,2575,3000,86.0,58.0,Charging,69,18.11,1,72,28,balanced
1784603556,34.50,56.02,2586,3006,86.0,58.0,Charging,69,18.11,1,72,28,balanced
1784603557,34.83,55.96,2749,3000,85.0,58.0,Charging,69,18.11,1,72,28,balanced
1784603558,34.45,56.02,2574,3009,86.0,58.0,Charging,69,18.10,1,72,28,balanced
1784603559,32.55,53.74,2338,2700,79.0,58.0,Charging,69,18.09,1,72,28,balanced
1784603560,27.00,46.29,2436,2707,77.0,58.0,Charging,69,18.09,1,72,28,balanced
1784603561,27.35,46.79,2357,2708,77.0,58.0,Charging,69,18.09,1,72,28,balanced
1784603562,27.06,46.28,2331,2708,78.0,58.0,Charging,69,18.08,1,72,28,balanced
1784603563,27.48,46.83,2308,2708,78.0,58.0,Charging,69,18.08,1,72,28,balanced
1784603564,27.15,46.37,2347,2700,77.0,58.0,Charging,69,18.08,1,72,28,balanced
1784603565,27.55,47.25,2464,2700,77.0,58.0,Charging,69,18.08,1,72,28,balanced
1784603566,27.52,46.78,2494,2708,77.0,58.0,Charging,70,18.07,1,72,28,balanced
1784603567,27.64,47.63,2491,2700,78.0,58.0,Charging,70,18.08,1,72,28,balanced
1784603569,27.62,47.43,2500,2700,78.0,58.0,Charging,70,18.07,1,72,28,balanced
1784603570,27.61,46.78,2496,2707,77.0,59.0,Charging,70,18.06,1,72,28,balanced
1784603571,27.75,47.00,2495,2707,78.0,59.0,Charging,70,18.06,1,72,28,balanced
1784603572,27.75,47.00,2491,2788,78.0,59.0,Charging,70,18.06,1,72,28,balanced
1784603573,27.78,47.05,2500,2702,77.0,59.0,Charging,70,18.06,1,72,28,balanced
1784603574,27.82,47.29,2327,2708,77.0,59.0,Charging,70,18.05,1,72,28,balanced
1784603575,27.86,47.16,2474,2700,77.0,59.0,Charging,70,18.04,1,72,28,balanced
1784603576,27.86,47.47,2499,2700,77.0,59.0,Charging,70,18.04,1,72,28,balanced
1784603577,27.87,47.13,2321,2700,77.0,59.0,Charging,70,18.03,1,72,28,balanced
1784603578,27.90,47.16,2496,2700,77.0,59.0,Charging,70,18.03,1,72,28,balanced
1784603579,27.89,47.14,2496,2700,77.0,59.0,Charging,70,18.03,1,72,28,balanced
1784603580,27.90,47.36,2500,2700,77.0,59.0,Charging,70,18.02,1,72,28,balanced
1784603581,27.94,47.18,2466,2700,77.0,59.0,Charging,70,18.02,1,72,28,balanced
1784603582,27.92,47.18,2498,2700,76.0,59.0,Charging,70,18.01,1,72,28,balanced
1784603583,27.94,47.26,2352,2700,77.0,59.0,Charging,70,18.00,1,72,28,balanced
1784603584,28.00,47.67,2497,2700,78.0,59.0,Charging,70,18.01,1,72,28,balanced
1784603585,27.91,47.17,2500,2707,78.0,59.0,Charging,70,18.00,1,72,28,balanced
1784603586,27.95,47.60,2500,2700,78.0,59.0,Charging,70,18.00,1,72,28,balanced
1784603587,27.96,47.38,2490,2706,77.0,59.0,Charging,70,18.00,1,72,28,balanced
1784603588,27.97,47.25,2356,2701,78.0,59.0,Charging,70,17.98,1,72,28,balanced
1784603589,27.99,47.28,2492,2700,77.0,59.0,Charging,70,17.98,1,72,28,balanced
1784603590,27.95,47.25,2326,2700,77.0,59.0,Charging,70,17.98,1,72,28,balanced
1784603591,27.98,47.22,2500,2700,77.0,59.0,Charging,70,17.97,1,72,28,balanced
1784603592,27.98,47.27,2356,2700,77.0,59.0,Charging,70,17.97,1,72,28,balanced
1784603594,27.97,47.29,2499,2700,77.0,59.0,Charging,70,17.97,1,72,28,balanced
1784603595,27.98,47.29,2491,2700,79.0,59.0,Charging,70,17.97,1,72,28,balanced
1784603596,27.99,47.55,2324,2708,76.0,59.0,Charging,70,17.96,1,72,28,balanced
1784603597,22.01,39.82,1197,3412,56.0,59.0,Charging,70,17.96,1,72,28,balanced
1784603598,3.02,14.55,554,2359,50.0,59.0,Charging,70,17.93,1,72,28,balanced
1784603599,2.93,14.44,490,1700,51.0,59.0,Charging,70,17.93,1,72,28,balanced
1784603600,3.17,15.09,531,1947,50.0,59.0,Charging,70,17.93,1,72,28,balanced
1784603601,2.96,14.45,588,1865,49.0,59.0,Charging,70,17.93,1,72,28,balanced
1784603602,2.91,14.29,522,1722,49.0,58.0,Charging,70,17.93,1,72,28,balanced
1784603603,2.77,14.06,712,2401,49.0,58.0,Charging,70,17.95,1,72,28,balanced
1784603604,3.14,14.76,653,3101,52.0,58.0,Charging,70,17.95,1,72,28,balanced
1784603605,3.10,14.72,484,1736,48.0,58.0,Charging,70,17.95,1,72,28,balanced
1784603606,3.11,14.93,657,2754,48.0,58.0,Charging,70,17.95,1,72,28,balanced
1784603607,2.91,14.28,692,1570,47.0,58.0,Charging,70,17.95,1,72,28,balanced
1784603608,2.56,13.76,548,1872,47.0,58.0,Charging,70,17.96,1,72,28,balanced
1784603609,2.53,13.57,488,1800,47.0,58.0,Charging,70,17.96,1,72,28,balanced
1784603610,2.80,14.05,667,2304,46.0,58.0,Charging,70,17.96,1,72,28,balanced
1784603611,2.79,14.04,1798,4064,72.0,57.0,Charging,70,17.96,1,72,28,balanced
1784603612,4.55,17.10,496,1787,46.0,57.0,Charging,70,17.95,1,72,28,balanced
1784603614,2.89,14.12,630,3320,47.0,57.0,Charging,70,17.95,1,72,28,balanced
1784603615,4.53,17.22,965,3620,46.0,57.0,Charging,70,17.97,1,72,28,balanced
1784603616,5.09,17.50,1083,3386,47.0,56.0,Charging,70,17.96,1,72,28,balanced
1784603617,4.58,16.95,1153,3393,48.0,56.0,Charging,70,17.96,1,72,28,balanced
1784603618,5.01,17.68,543,1800,45.0,56.0,Charging,70,17.95,1,72,28,balanced
1784603619,11.14,27.82,946,3402,50.0,56.0,Charging,70,17.95,1,72,28,balanced
1784603620,4.41,12.92,1104,2450,45.0,55.0,Charging,70,17.96,1,72,28,balanced
1784603621,4.15,12.45,794,1813,45.0,55.0,Charging,70,17.95,1,72,28,balanced
1784603622,4.52,13.21,973,3406,47.0,55.0,Charging,70,17.95,1,72,28,balanced
1784603623,4.06,12.41,805,1758,45.0,55.0,Charging,70,17.94,1,72,28,balanced
1784603624,3.83,12.13,1215,3395,47.0,55.0,Charging,70,17.95,1,72,28,balanced
1784603625,6.91,16.74,844,2492,45.0,55.0,Charging,70,17.95,1,72,28,balanced
1784603626,5.22,14.11,994,3505,50.0,54.0,Charging,70,17.88,1,72,28,balanced
1784603627,4.67,13.18,864,3414,47.0,54.0,Charging,70,17.95,1,72,28,balanced
1784603628,4.76,13.95,543,2523,44.0,54.0,Charging,70,17.95,1,72,28,balanced
1784603629,3.53,11.46,724,3279,45.0,54.0,Charging,70,17.95,1,72,28,balanced
1784603630,4.55,13.05,927,2279,44.0,53.0,Charging,70,17.94,1,72,28,balanced
1784603631,4.44,12.84,787,1975,43.0,53.0,Charging,70,17.93,1,72,28,balanced
1784603632,3.78,11.94,936,1804,44.0,53.0,Charging,70,17.93,1,72,28,balanced
1784603633,4.32,12.81,805,3400,47.0,53.0,Charging,70,17.95,1,72,28,balanced
1784603635,3.99,14.12,496,1800,42.0,53.0,Charging,70,17.93,1,72,28,balanced
1784603636,3.94,12.20,612,2065,42.0,53.0,Charging,70,17.93,1,72,28,balanced
1784603637,4.47,13.12,866,1878,42.0,52.0,Charging,70,17.92,1,72,28,balanced
1784603638,3.88,12.25,855,3400,44.0,52.0,Charging,70,17.92,1,72,28,balanced
1784603639,3.70,11.79,829,1859,42.0,52.0,Charging,70,17.93,1,72,28,balanced
1784603640,3.78,12.14,972,3407,43.0,52.0,Charging,70,17.93,1,72,28,balanced
1784603641,4.41,13.25,891,2680,44.0,52.0,Charging,70,17.93,1,72,28,balanced
1784603642,4.05,12.49,1238,2283,43.0,51.0,Charging,70,17.93,1,72,28,balanced
1784603643,4.05,12.66,899,1815,41.0,51.0,Charging,70,17.92,1,72,28,balanced
1784603644,4.10,13.04,933,2662,42.0,51.0,Charging,70,17.92,1,72,28,balanced
1784603645,8.34,26.83,995,4628,64.0,51.0,Charging,70,17.91,1,72,28,balanced
1784603646,15.90,41.43,1803,3977,47.0,51.0,Charging,70,17.91,1,72,28,balanced
1784603647,5.67,24.58,752,3581,41.0,51.0,Charging,70,17.91,1,72,28,balanced
1784603648,4.60,23.37,702,2185,42.0,51.0,Charging,70,17.91,1,72,28,balanced
1784603649,4.42,23.01,625,3397,44.0,50.0,Charging,70,17.90,1,72,28,balanced
1784603650,3.35,21.13,764,3031,44.0,50.0,Charging,70,17.90,1,72,28,balanced
1784603651,3.03,20.48,1232,3400,46.0,50.0,Charging,70,17.89,1,72,28,balanced
1784603652,4.99,23.86,730,1669,42.0,50.0,Charging,70,17.89,1,72,28,balanced
1784603653,3.37,20.93,1412,3323,42.0,50.0,Charging,70,17.88,1,72,28,balanced
1784603655,5.05,24.12,1038,3414,45.0,50.0,Charging,70,17.88,1,72,28,balanced
1784603656,5.61,25.35,763,3354,42.0,50.0,Charging,70,17.88,1,72,28,balanced
1784603657,4.97,24.05,1005,3975,44.0,50.0,Charging,70,17.87,1,72,28,balanced
1784603658,3.34,17.15,1117,3444,42.0,50.0,Charging,70,17.87,1,72,28,balanced
1784603659,3.32,14.88,882,3399,45.0,50.0,Charging,70,17.87,1,72,28,balanced
1784603660,3.88,15.78,1046,3364,43.0,50.0,Charging,71,17.86,1,72,28,balanced
1784603661,8.61,23.24,615,1804,41.0,49.0,Charging,71,17.86,1,72,28,balanced
1784603662,5.79,19.11,1662,4331,43.0,49.0,Charging,71,17.87,1,72,28,balanced
1784603663,5.67,18.73,916,2200,43.0,49.0,Charging,71,17.86,1,72,28,balanced
1784603664,7.62,20.73,866,4391,43.0,49.0,Charging,71,17.85,1,72,28,balanced
1784603665,2.58,13.74,1132,3337,42.0,49.0,Charging,71,17.85,1,72,28,balanced
1784603666,2.45,13.81,770,2538,42.0,49.0,Charging,71,17.85,1,72,28,balanced
1784603667,10.17,26.42,1075,3298,44.0,49.0,Charging,71,17.84,1,72,28,balanced
1784603668,2.43,11.70,647,3346,42.0,49.0,Charging,71,17.85,1,72,28,balanced
1784603669,2.10,9.46,830,1801,42.0,49.0,Charging,71,17.84,1,72,28,balanced
1784603670,4.27,13.26,920,1702,41.0,49.0,Charging,71,17.84,1,72,28,balanced
1784603671,4.65,13.93,989,1810,41.0,49.0,Charging,71,17.84,1,72,28,balanced
1784603672,4.76,13.83,897,3401,44.0,49.0,Charging,71,17.84,1,72,28,balanced
1784603673,4.57,13.51,896,2484,41.0,49.0,Charging,71,17.84,1,72,28,balanced
1784603675,4.71,14.12,687,3328,41.0,49.0,Charging,71,17.84,1,72,28,balanced
1784603676,4.28,12.82,1084,3400,42.0,48.0,Charging,71,17.83,1,72,28,balanced
1784603677,4.47,13.28,749,3153,44.0,48.0,Charging,71,17.82,1,72,28,balanced
1784603678,4.93,14.27,636,1800,40.0,48.0,Charging,71,17.81,1,72,28,balanced
1784603679,3.90,12.67,743,1804,41.0,48.0,Charging,71,17.82,1,72,28,balanced
1784603680,6.60,16.69,1208,3400,42.0,48.0,Charging,71,17.81,1,72,28,balanced
1784603681,3.14,10.48,837,3310,42.0,48.0,Charging,71,17.81,1,72,28,balanced
1784603682,4.94,13.68,1501,4301,41.0,48.0,Charging,71,17.83,1,72,28,balanced
1784603683,5.40,14.90,985,3398,42.0,48.0,Charging,71,17.82,1,72,28,balanced
1784603684,3.02,11.02,663,3324,44.0,48.0,Charging,71,17.80,1,72,28,balanced
1784603685,2.73,10.21,666,2170,41.0,48.0,Charging,71,17.80,1,72,28,balanced
1784603686,4.12,12.68,1410,3556,42.0,48.0,Charging,71,17.80,1,72,28,balanced
1784603687,8.69,24.17,657,3346,41.0,48.0,Charging,71,17.80,1,72,28,balanced
1784603688,14.30,39.31,1435,3363,47.0,47.0,Charging,71,17.80,1,72,28,balanced
1784603689,9.76,29.95,938,3384,42.0,47.0,Charging,71,17.80,1,72,28,balanced
1784603690,5.18,23.65,721,3280,43.0,47.0,Charging,71,17.77,1,72,28,balanced
1784603691,5.24,23.77,891,3119,42.0,47.0,Charging,71,17.77,1,72,28,balanced
1784603692,5.56,24.21,1205,2722,42.0,47.0,Charging,71,17.78,1,72,28,balanced
1784603693,7.00,26.20,1719,4563,59.0,47.0,Charging,71,17.77,1,73,28,balanced
1784603694,8.97,28.82,1116,2263,41.0,47.0,Charging,71,17.74,1,78,28,balanced
1784603696,5.42,23.73,824,2796,42.0,47.0,Charging,71,17.75,1,78,28,balanced
1784603697,5.83,25.12,1001,2957,42.0,47.0,Charging,71,17.75,1,78,28,balanced
1784603698,6.54,25.37,951,2576,41.0,47.0,Charging,71,17.75,1,78,28,balanced
1784603699,6.07,24.65,884,2130,42.0,47.0,Charging,71,17.76,1,78,28,balanced
1784603700,4.96,21.60,750,3382,44.0,47.0,Charging,71,17.74,1,78,28,balanced
1784603701,5.93,19.81,795,2513,46.0,47.0,Charging,71,17.73,1,78,28,balanced
1784603702,6.39,19.52,924,1805,41.0,47.0,Charging,71,17.73,1,78,28,balanced
1784603703,6.09,18.92,620,2626,41.0,47.0,Charging,71,17.71,1,78,28,balanced
1784603704,4.08,15.90,920,4284,40.0,47.0,Charging,71,17.72,1,78,28,balanced
1784603705,2.75,13.37,875,2460,41.0,47.0,Charging,71,17.72,1,78,28,balanced
1784603706,5.14,17.35,825,1697,41.0,47.0,Charging,71,17.72,1,78,28,balanced
1784603707,4.14,15.73,919,3415,45.0,47.0,Charging,71,17.71,1,78,28,balanced
1784603708,4.72,16.81,733,1798,41.0,47.0,Charging,71,17.72,1,78,28,balanced
1784603709,9.37,24.50,1494,4700,49.0,47.0,Charging,71,17.71,1,78,28,balanced
1784603710,5.00,15.37,832,1663,41.0,47.0,Charging,71,17.71,1,78,28,balanced
1784603711,5.08,14.25,1131,1890,41.0,47.0,Charging,71,17.70,1,78,28,balanced
1784603712,5.81,15.47,1094,3241,43.0,47.0,Charging,71,17.69,1,78,28,balanced
1784603713,5.63,14.58,1218,4422,42.0,47.0,Charging,71,17.69,1,78,28,balanced
1784603715,4.60,12.79,657,1400,41.0,47.0,Charging,71,17.69,1,78,28,balanced
1784603716,4.71,13.39,963,1995,40.0,47.0,Charging,71,17.68,1,78,28,balanced
1784603717,4.77,13.25,1167,4421,42.0,47.0,Charging,71,17.68,1,78,28,balanced
1784603718,4.80,13.64,1077,3867,41.0,47.0,Charging,71,17.68,1,78,28,balanced
1784603719,4.66,13.23,1023,3353,41.0,46.0,Charging,71,17.68,1,78,28,balanced
1784603720,4.64,13.37,739,3311,43.0,46.0,Charging,71,17.68,1,78,28,balanced
1784603721,2.59,9.76,678,3260,40.0,46.0,Charging,71,17.67,1,78,28,balanced
1784603722,2.79,9.93,950,2540,41.0,46.0,Charging,71,17.67,1,78,28,balanced
1784603723,5.41,14.44,1122,4317,45.0,46.0,Charging,71,17.68,1,78,28,balanced
1784603724,5.66,14.93,855,3362,40.0,46.0,Charging,71,17.67,1,78,28,balanced
1784603725,5.10,14.25,765,1794,40.0,46.0,Charging,71,17.66,1,78,28,balanced
1784603726,3.03,10.63,672,2604,41.0,46.0,Charging,71,17.65,1,78,28,balanced
1784603727,5.72,15.38,1705,4244,46.0,46.0,Charging,71,17.66,1,78,28,balanced
1784603728,5.37,14.54,1040,3249,41.0,46.0,Charging,71,17.65,1,78,28,balanced
1784603729,5.25,14.28,881,3396,41.0,46.0,Charging,71,17.65,1,78,28,balanced
1784603730,2.04,8.79,774,3313,41.0,46.0,Charging,71,17.64,1,78,28,balanced
1784603731,2.16,9.36,830,3340,40.0,46.0,Charging,71,17.63,1,78,28,balanced
1784603732,2.18,9.24,903,4166,40.0,46.0,Charging,71,17.63,1,78,28,balanced
1784603733,1.86,8.56,822,3342,38.0,46.0,Charging,71,17.63,1,78,28,balanced
1784603735,1.93,8.50,568,2020,40.0,46.0,Charging,71,17.64,1,78,28,balanced
1784603736,2.02,8.68,581,3294,42.0,46.0,Charging,71,17.62,1,78,28,balanced
1784603737,2.05,8.71,818,3326,40.0,45.0,Charging,71,17.62,1,78,28,balanced
1784603738,1.90,8.49,973,3391,40.0,45.0,Charging,71,17.62,1,78,28,balanced
1784603739,2.04,8.78,797,3408,38.0,45.0,Charging,71,17.61,1,78,28,balanced
1784603740,2.00,8.93,579,1977,38.0,45.0,Charging,71,17.61,1,78,28,balanced
1784603741,1.97,8.53,605,3398,38.0,45.0,Charging,71,17.61,1,78,28,balanced
1784603742,2.06,8.66,582,3313,40.0,45.0,Charging,71,17.60,1,78,28,balanced
1784603743,2.03,8.94,813,3393,40.0,45.0,Charging,71,17.59,1,78,28,balanced
1784603744,1.95,8.51,800,3385,40.0,45.0,Charging,71,17.59,1,78,28,balanced
1784603745,1.98,8.53,1025,3412,41.0,45.0,Charging,71,17.59,1,78,28,balanced
1784603746,2.14,8.91,605,3338,38.0,45.0,Charging,71,17.59,1,78,28,balanced
1784603747,2.05,8.71,733,3260,38.0,45.0,Charging,71,17.60,1,78,28,balanced
1784603748,1.98,8.63,882,3304,39.0,45.0,Charging,71,17.59,1,78,28,balanced
1784603749,1.98,8.58,633,3348,38.0,45.0,Charging,71,17.58,1,78,28,balanced
1784603750,1.97,8.52,819,3327,38.0,45.0,Charging,72,17.58,1,78,28,balanced
1784603751,2.02,8.59,979,3304,38.0,45.0,Charging,72,17.59,1,78,28,balanced
1784603752,1.80,8.30,1018,3691,40.0,44.0,Charging,72,17.59,1,78,28,balanced
1784603753,1.98,8.50,686,3335,38.0,44.0,Charging,72,17.57,1,78,28,balanced
1784603754,2.02,8.67,684,3343,38.0,44.0,Charging,72,17.57,1,78,28,balanced
1784603756,2.06,8.60,836,3324,38.0,44.0,Charging,72,17.57,1,78,28,balanced
1784603757,1.97,8.47,773,3417,38.0,44.0,Charging,72,17.56,1,78,28,balanced
1784603758,1.96,8.46,1066,3398,39.0,44.0,Charging,72,17.56,1,78,28,balanced
1784603759,2.08,8.93,578,1704,38.0,44.0,Charging,72,17.55,1,78,28,balanced
1784603760,2.14,8.83,739,1711,38.0,44.0,Charging,72,17.54,1,78,28,balanced
1784603761,1.85,8.41,994,3381,38.0,44.0,Charging,72,17.54,1,78,28,balanced
1784603762,1.94,8.42,700,3329,38.0,44.0,Charging,72,17.54,1,78,28,balanced
1784603763,1.89,8.36,798,3294,38.0,44.0,Charging,72,17.54,1,78,28,balanced
1784603764,2.02,9.02,855,1801,37.0,44.0,Charging,72,17.55,1,78,28,balanced
1784603765,1.86,8.54,671,1704,38.0,44.0,Charging,72,17.53,1,78,28,balanced
1784603766,2.02,8.67,718,2613,38.0,44.0,Charging,72,17.52,1,78,28,balanced
1784603767,1.89,8.37,848,3415,38.0,44.0,Charging,72,17.52,1,78,28,balanced
1784603768,1.96,8.56,816,3376,40.0,44.0,Charging,72,17.52,1,78,28,balanced
1784603769,1.95,8.43,846,3364,38.0,44.0,Charging,72,17.52,1,78,28,balanced
1784603770,1.99,8.51,878,3395,38.0,44.0,Charging,72,17.52,1,78,28,balanced
1784603771,2.05,8.92,724,3315,37.0,43.0,Charging,72,17.51,1,78,28,balanced
1784603772,2.09,8.73,854,3363,40.0,43.0,Charging,72,17.50,1,78,28,balanced
1784603773,1.94,8.41,839,3390,38.0,43.0,Charging,72,17.50,1,78,28,balanced
1784603774,1.97,8.49,931,3361,38.0,43.0,Charging,72,17.50,1,78,28,balanced
1784603776,2.03,8.64,625,3343,39.0,43.0,Charging,72,17.50,1,78,28,balanced
1784603777,2.03,8.55,698,1659,38.0,43.0,Charging,72,17.49,1,78,28,balanced
1784603778,1.87,8.37,731,1604,37.0,43.0,Charging,72,17.48,1,78,28,balanced
1784603779,1.83,8.32,883,2977,37.0,43.0,Charging,72,17.48,1,78,28,balanced
1784603780,1.89,8.38,555,2313,37.0,43.0,Charging,72,17.47,1,78,28,balanced
1784603781,2.01,8.68,622,2606,37.0,43.0,Charging,72,17.47,1,78,28,balanced
1784603782,2.05,8.60,667,1981,37.0,43.0,Charging,72,17.47,1,78,28,balanced
1784603783,1.88,8.39,765,1603,37.0,43.0,Charging,72,17.46,1,78,28,balanced
1784603784,1.78,8.24,1119,3423,38.0,43.0,Charging,72,17.45,1,78,28,balanced
1784603785,1.97,8.50,721,3327,37.0,43.0,Charging,72,17.46,1,78,28,balanced
1784603786,1.95,8.46,821,3390,38.0,43.0,Charging,72,17.45,1,78,28,balanced
1784603787,2.44,9.28,1602,4155,40.0,43.0,Charging,72,17.45,1,78,28,balanced
1784603788,5.44,14.60,1289,3609,38.0,43.0,Charging,72,17.45,1,78,28,balanced
1784603789,2.02,8.66,853,3150,38.0,43.0,Charging,72,17.44,1,78,28,balanced
1784603790,2.05,8.65,714,1800,37.0,43.0,Charging,72,17.44,1,78,28,balanced
1784603791,1.96,8.51,683,3338,39.0,43.0,Charging,72,17.43,1,78,28,balanced
1784603792,4.57,13.05,1471,3446,37.0,42.0,Charging,72,17.43,1,78,28,balanced
1784603793,5.46,14.54,948,2857,38.0,42.0,Charging,72,17.41,1,78,28,balanced
1784603794,5.69,15.23,695,2092,38.0,42.0,Charging,72,17.41,1,78,28,balanced
1784603796,4.42,12.45,954,3400,39.0,42.0,Charging,72,17.41,1,78,28,balanced
1784603797,4.54,12.65,810,1900,37.0,42.0,Charging,72,17.41,1,78,28,balanced
1784603798,4.51,12.98,1060,3430,40.0,42.0,Charging,72,17.40,1,78,28,balanced
1784603799,4.11,12.00,856,3402,37.0,42.0,Charging,72,17.40,1,78,28,balanced
1784603800,4.63,13.09,845,2278,38.0,42.0,Charging,72,17.40,1,78,28,balanced
1784603801,2.04,8.84,640,1700,37.0,42.0,Charging,72,17.39,1,78,28,balanced
1784603802,2.01,9.09,505,1746,37.0,42.0,Charging,72,17.38,1,78,28,balanced
1784603803,3.09,10.75,640,2654,38.0,42.0,Charging,72,17.38,1,78,28,balanced
1784603804,3.58,11.37,769,3346,38.0,42.0,Charging,72,17.37,1,78,28,balanced
1784603805,3.07,10.23,830,3400,41.0,42.0,Charging,72,17.37,1,78,28,balanced
1784603806,3.37,11.07,1108,3165,37.0,42.0,Charging,72,17.37,1,78,28,balanced
1784603807,4.92,13.87,608,1400,38.0,42.0,Charging,72,17.36,1,78,28,balanced
1784603808,4.20,12.41,951,3496,38.0,42.0,Charging,72,17.35,1,78,28,balanced
1784603809,4.17,12.47,1214,3288,37.0,42.0,Charging,72,17.34,1,78,28,balanced
1784603810,4.29,12.20,551,1800,37.0,42.0,Charging,72,17.34,1,78,28,balanced
1784603811,2.68,9.45,881,3407,45.0,42.0,Charging,72,17.34,1,78,28,balanced
1784603812,5.37,14.16,682,3374,38.0,42.0,Charging,72,17.34,1,78,28,balanced
1784603813,3.25,10.41,706,3387,39.0,42.0,Charging,72,17.33,1,78,28,balanced
1784603815,4.44,12.39,842,1807,38.0,42.0,Charging,72,17.33,1,78,28,balanced
1784603816,4.99,13.23,978,3408,38.0,42.0,Charging,72,17.33,1,78,28,balanced
1784603817,4.71,12.55,720,2478,37.0,42.0,Charging,72,17.32,1,78,28,balanced
1784603818,5.55,14.22,1466,3379,41.0,42.0,Charging,72,17.32,1,78,28,balanced
1784603819,5.10,13.46,888,3339,38.0,42.0,Charging,72,17.32,1,78,28,balanced
1784603820,4.71,12.88,1209,3357,40.0,42.0,Charging,72,17.31,1,78,28,balanced
1784603821,3.70,11.06,872,3395,39.0,42.0,Charging,72,17.31,1,78,28,balanced
1784603822,4.23,12.24,988,3328,38.0,42.0,Charging,72,17.30,1,78,28,balanced
1784603823,3.60,11.20,853,3399,39.0,42.0,Charging,72,17.29,1,78,28,balanced
1784603824,3.93,11.37,1022,4639,45.0,42.0,Charging,72,17.29,1,78,28,balanced
1784603825,5.42,14.90,645,2220,38.0,42.0,Charging,72,17.28,1,78,28,balanced
1784603826,4.96,13.80,738,1801,37.0,42.0,Charging,72,17.28,1,78,28,balanced
1784603827,4.41,13.02,1530,3478,43.0,42.0,Charging,72,17.28,1,78,28,balanced
1784603828,9.04,30.11,1867,4700,52.0,42.0,Charging,72,17.26,1,78,28,balanced
1784603829,15.74,39.08,1199,4514,41.0,42.0,Charging,72,17.26,1,78,28,balanced
1784603830,5.46,24.15,634,2577,37.0,42.0,Charging,72,17.26,1,78,28,balanced
1784603831,3.59,20.86,948,2575,39.0,42.0,Charging,72,17.24,1,78,28,balanced
1784603832,2.96,20.10,844,3400,40.0,42.0,Charging,72,17.24,1,78,28,balanced
1784603833,3.19,20.38,918,3400,42.0,42.0,Charging,72,17.24,1,78,28,balanced
1784603834,3.16,19.98,745,3334,41.0,42.0,Charging,72,17.23,1,78,28,balanced
1784603836,2.99,19.77,881,3400,41.0,42.0,Charging,72,17.23,1,78,28,balanced
1784603837,2.89,19.57,662,3328,38.0,42.0,Charging,72,17.24,1,78,28,balanced
1784603838,2.89,19.65,768,1866,38.0,42.0,Charging,72,17.22,1,78,28,balanced
1784603839,2.98,19.89,1043,3409,42.0,42.0,Charging,72,17.21,1,78,28,balanced
1784603840,3.00,19.83,778,1963,38.0,42.0,Charging,72,17.21,1,78,28,balanced
1784603841,2.32,13.98,624,1901,38.0,42.0,Charging,72,17.20,1,78,28,balanced
1784603842,2.32,13.33,849,2847,38.0,42.0,Charging,72,17.20,1,78,28,balanced
1784603843,2.45,13.45,672,3338,38.0,42.0,Charging,72,17.20,1,78,28,balanced
1784603844,2.47,13.40,591,3258,40.0,42.0,Charging,72,17.19,1,78,28,balanced
1784603845,2.39,13.27,615,1820,38.0,42.0,Charging,72,17.19,1,78,28,balanced
1784603846,2.41,13.32,470,1521,38.0,42.0,Charging,73,17.18,1,78,28,balanced
1784603847,2.38,13.28,1643,4186,38.0,42.0,Charging,73,17.18,1,78,28,balanced
1784603848,2.59,13.91,630,3312,38.0,42.0,Charging,73,17.18,1,78,28,balanced
1784603849,2.47,13.49,840,3324,40.0,42.0,Charging,73,17.18,1,78,28,balanced
1784603850,10.03,25.11,812,3415,39.0,42.0,Charging,73,17.17,1,78,28,balanced
1784603851,1.99,9.27,657,3361,39.0,42.0,Charging,73,17.17,1,78,28,balanced
1784603852,2.13,9.81,670,2700,38.0,42.0,Charging,73,17.16,1,78,28,balanced
1784603853,1.88,9.13,532,1700,38.0,42.0,Charging,73,17.16,1,78,28,balanced
1784603855,1.85,9.12,723,2645,38.0,42.0,Charging,73,17.15,1,78,28,balanced
1784603856,1.96,9.33,1387,2239,37.0,42.0,Charging,73,17.15,1,78,28,balanced
1784603857,1.91,9.48,858,3370,37.0,42.0,Charging,73,17.13,1,78,28,balanced
1784603858,1.99,9.31,556,2416,37.0,42.0,Charging,73,17.13,1,78,28,balanced
1784603859,2.09,9.46,648,3355,39.0,42.0,Charging,73,17.13,1,78,28,balanced
1784603860,2.04,9.37,803,3293,37.0,42.0,Charging,73,17.13,1,78,28,balanced
1784603861,1.98,9.35,768,1700,37.0,42.0,Charging,73,17.13,1,78,28,balanced
1784603862,1.84,9.09,676,3165,39.0,42.0,Charging,73,17.12,1,78,28,balanced
1784603863,1.97,9.21,695,3409,38.0,42.0,Charging,73,17.12,1,78,28,balanced
1784603864,1.98,9.64,700,2475,37.0,42.0,Charging,73,17.11,1,78,28,balanced
1784603865,2.00,9.57,725,3337,38.0,42.0,Charging,73,17.11,1,78,28,balanced
1784603866,2.07,9.36,641,3344,41.0,42.0,Charging,73,17.10,1,78,28,balanced
1784603867,2.02,9.36,668,2300,37.0,42.0,Charging,73,17.09,1,78,28,balanced
1784603868,1.96,9.54,624,3348,39.0,42.0,Charging,73,17.09,1,78,28,balanced
1784603869,1.92,9.13,615,3342,40.0,42.0,Charging,73,17.09,1,78,28,balanced
1784603870,2.09,9.39,625,3329,37.0,42.0,Charging,73,17.09,1,78,28,balanced
1784603871,2.00,9.26,494,1755,37.0,42.0,Charging,73,17.08,1,78,28,balanced
1784603872,1.96,9.22,691,1693,38.0,42.0,Charging,73,17.08,1,78,28,balanced
1784603874,1.76,8.89,651,3343,38.0,42.0,Charging,73,17.08,1,78,28,balanced
1784603875,2.16,9.59,610,3366,37.0,42.0,Charging,73,17.07,1,78,28,balanced
1784603876,2.06,9.33,522,2043,37.0,42.0,Charging,73,17.06,1,78,28,balanced
1784603877,1.95,9.23,726,3311,38.0,42.0,Charging,73,17.06,1,78,28,balanced
1784603878,1.97,9.22,525,2404,37.0,42.0,Charging,73,17.07,1,78,28,balanced
1784603879,2.13,9.82,621,3190,36.0,42.0,Charging,73,17.07,1,78,28,balanced
1784603880,2.26,9.67,590,2148,37.0,42.0,Charging,73,17.05,1,78,28,balanced
1784603881,1.90,9.12,596,3351,38.0,42.0,Charging,73,17.04,1,78,28,balanced
1784603882,2.04,9.35,588,3351,39.0,42.0,Charging,73,17.04,1,78,28,balanced
1784603883,2.15,9.55,662,3360,38.0,42.0,Charging,73,17.03,1,78,28,balanced
1784603884,1.87,9.00,642,3335,37.0,41.0,Charging,73,17.03,1,78,28,balanced
1784603885,1.98,9.21,604,3264,36.0,41.0,Charging,73,17.03,1,78,28,balanced
1784603886,2.11,9.47,632,1643,37.0,41.0,Charging,73,17.02,1,78,28,balanced
1784603887,1.92,9.13,628,3361,39.0,41.0,Charging,73,17.01,1,78,28,balanced
1784603888,2.11,9.24,578,1771,36.0,41.0,Charging,73,17.01,1,78,28,balanced
1784603889,1.96,8.77,804,3966,38.0,41.0,Charging,73,17.00,1,78,28,balanced
1784603890,1.99,8.65,791,4065,37.0,41.0,Charging,73,17.00,1,78,28,balanced
1784603891,2.07,8.76,651,2456,36.0,41.0,Charging,73,16.99,1,78,28,balanced
1784603892,1.97,8.82,606,2876,37.0,41.0,Charging,73,16.99,1,78,28,balanced
1784603894,1.97,8.59,583,1846,37.0,41.0,Charging,73,16.99,1,78,28,balanced
1784603895,2.05,9.33,613,3364,37.0,41.0,Charging,73,16.98,1,78,28,balanced
1784603896,2.19,9.34,853,4019,39.0,41.0,Charging,73,16.98,1,78,28,balanced
1784603897,1.90,8.54,871,3333,39.0,41.0,Charging,73,16.98,1,78,28,balanced
1784603898,2.00,8.65,529,1817,37.0,41.0,Charging,73,16.96,1,78,28,balanced
1784603899,2.12,8.98,509,2006,37.0,41.0,Charging,73,16.96,1,78,28,balanced
1784603900,1.95,8.63,514,2052,37.0,41.0,Charging,73,16.95,1,78,28,balanced
1784603901,1.91,8.70,598,3341,39.0,41.0,Charging,73,16.95,1,78,28,balanced
1784603902,1.99,8.63,575,2305,39.0,41.0,Charging,73,16.95,1,78,28,balanced
1784603903,2.01,8.70,619,1814,37.0,41.0,Charging,73,16.95,1,78,28,balanced
1784603904,1.80,8.37,532,2016,37.0,41.0,Charging,73,16.94,1,78,28,balanced
1784603905,1.94,8.63,558,2316,37.0,41.0,Charging,73,16.93,1,78,28,balanced
1784603906,1.92,8.54,560,2209,36.0,41.0,Charging,73,16.93,1,78,28,balanced
1784603907,2.02,8.86,566,1703,37.0,41.0,Charging,73,16.93,1,78,28,balanced
1784603908,1.90,8.53,766,2840,38.0,41.0,Charging,73,16.92,1,78,28,balanced
1784603909,2.08,9.08,622,3378,38.0,41.0,Charging,73,16.92,1,78,28,balanced
1784603910,2.25,9.14,616,3329,38.0,41.0,Charging,73,16.92,1,78,28,balanced
1784603911,2.07,8.74,619,3322,39.0,41.0,Charging,73,16.91,1,78,28,balanced
1784603913,1.89,8.53,661,2804,40.0,41.0,Charging,73,16.90,1,78,28,balanced
1784603914,1.98,8.68,499,1723,37.0,41.0,Charging,73,16.90,1,78,28,balanced
1784603915,1.86,8.51,522,2206,37.0,41.0,Charging,73,16.90,1,78,28,balanced
1784603916,1.94,8.59,604,1732,37.0,41.0,Charging,73,16.88,1,78,28,balanced
1784603917,1.89,8.51,542,2043,37.0,41.0,Charging,73,16.88,1,78,28,balanced
1784603918,1.95,8.57,646,2760,37.0,41.0,Charging,73,16.88,1,78,28,balanced
1784603919,1.94,8.59,510,1700,37.0,41.0,Charging,73,16.87,1,78,28,balanced
1784603920,1.91,8.72,537,1800,37.0,41.0,Charging,73,16.87,1,78,28,balanced
1784603921,1.98,8.63,503,1882,37.0,41.0,Charging,73,16.87,1,78,28,balanced
1784603922,1.94,8.57,599,2400,38.0,41.0,Charging,73,16.86,1,78,28,balanced
1784603923,2.04,8.71,664,3098,37.0,41.0,Charging,73,16.86,1,78,28,balanced
1784603924,1.97,8.60,621,2180,37.0,41.0,Charging,73,16.84,1,78,28,balanced
1784603925,1.97,9.00,1137,3406,38.0,41.0,Charging,73,16.84,1,78,28,balanced
1784603926,2.07,8.92,963,2852,37.0,41.0,Charging,73,16.84,1,78,28,balanced
1784603927,1.97,8.98,742,3341,40.0,41.0,Charging,73,16.83,1,78,28,balanced
1784603928,2.00,8.64,738,3379,40.0,41.0,Charging,73,16.83,1,78,28,balanced
1784603929,2.05,8.73,746,2115,37.0,41.0,Charging,73,16.81,1,78,28,balanced
1784603930,1.82,8.43,729,3300,37.0,41.0,Charging,73,16.81,1,78,28,balanced
1784603932,2.06,8.80,700,3323,40.0,41.0,Charging,73,16.80,1,78,28,balanced
1784603933,1.98,8.72,1131,3361,37.0,41.0,Charging,73,16.81,1,78,28,balanced
1784603934,1.93,8.63,644,3323,39.0,41.0,Charging,73,16.80,1,78,28,balanced
1784603935,1.90,8.54,776,3313,38.0,41.0,Charging,73,16.80,1,78,28,balanced
1784603936,2.02,8.66,874,3269,37.0,41.0,Charging,73,16.79,1,78,28,balanced
1784603937,1.91,8.52,943,2865,40.0,41.0,Charging,73,16.78,1,78,28,balanced
1784603938,2.13,8.84,606,2049,37.0,41.0,Charging,73,16.79,1,78,28,balanced
1784603939,1.94,8.76,577,3123,38.0,41.0,Charging,73,16.77,1,78,28,balanced
1784603940,2.07,8.86,647,3094,40.0,41.0,Charging,73,16.77,1,78,28,balanced
1784603941,1.95,8.55,610,3344,39.0,41.0,Charging,73,16.77,1,78,28,balanced
1784603942,2.09,8.80,537,1823,37.0,41.0,Charging,73,16.77,1,78,28,balanced
1784603943,2.01,8.70,588,3340,39.0,41.0,Charging,74,16.76,1,78,28,balanced
1784603944,2.54,9.55,645,3328,38.0,41.0,Charging,74,16.76,1,78,28,balanced
1784603945,4.77,13.70,1223,3574,39.0,41.0,Charging,74,16.75,1,78,28,balanced
1784603946,4.45,13.03,2108,2457,47.0,41.0,Charging,74,16.75,1,78,28,balanced
1784603947,6.71,15.98,877,2383,37.0,41.0,Charging,74,16.72,1,78,28,balanced
1784603948,4.75,13.37,1029,3394,40.0,41.0,Charging,74,16.73,1,78,28,balanced
1784603949,3.57,11.33,962,2093,39.0,41.0,Charging,74,16.73,1,78,28,balanced
1784603950,3.60,11.48,683,2488,40.0,41.0,Charging,74,16.73,1,78,28,balanced
1784603951,4.23,12.07,896,3351,39.0,41.0,Charging,74,16.72,1,78,28,balanced
1784603953,4.50,13.02,980,1803,40.0,41.0,Charging,74,16.71,1,78,28,balanced
1784603954,3.81,11.85,963,2425,39.0,41.0,Charging,74,16.70,1,78,28,balanced
1784603955,4.34,12.66,889,1780,38.0,41.0,Charging,74,16.69,1,78,28,balanced
1784603956,4.12,12.40,865,3375,40.0,41.0,Charging,74,16.69,1,78,28,balanced
1784603957,3.33,11.49,511,1835,38.0,41.0,Charging,74,16.68,1,78,28,balanced
1784603958,4.02,12.36,698,3349,41.0,41.0,Charging,74,16.68,1,78,28,balanced
1784603959,2.77,9.82,762,1898,40.0,41.0,Charging,74,16.68,1,78,28,balanced
1784603960,2.57,9.59,548,1900,38.0,41.0,Charging,74,16.67,1,78,28,balanced
1784603961,2.91,10.19,723,2113,40.0,41.0,Charging,74,16.66,1,78,28,balanced
1784603962,4.28,12.49,597,1803,38.0,41.0,Charging,74,16.67,1,78,28,balanced
1784603963,3.11,10.49,538,2023,40.0,41.0,Charging,74,16.65,1,78,28,balanced
1784603964,4.96,13.75,941,2903,38.0,41.0,Charging,74,16.65,1,78,28,balanced
1784603965,4.29,12.59,651,3365,39.0,41.0,Charging,74,16.64,1,78,28,balanced
1784603966,4.13,12.16,973,3357,40.0,41.0,Charging,74,16.63,1,78,28,balanced
1784603967,4.98,13.95,845,3448,39.0,41.0,Charging,74,16.63,1,78,28,balanced
1784603968,3.04,10.61,638,1625,38.0,41.0,Charging,74,16.64,1,78,28,balanced
1784603969,1.87,8.68,657,3331,39.0,41.0,Charging,74,16.62,1,78,28,balanced
1784603970,2.06,8.84,839,3393,39.0,41.0,Charging,74,16.61,1,78,28,balanced
1784603971,2.07,8.97,940,3076,39.0,41.0,Charging,74,16.61,1,78,28,balanced
1784603973,1.96,8.70,592,3330,39.0,41.0,Charging,74,16.60,1,78,28,balanced
1784603974,2.04,8.81,808,3405,41.0,41.0,Charging,74,16.60,1,78,28,balanced
1784603975,2.11,8.90,1120,3419,40.0,41.0,Charging,74,16.60,1,78,28,balanced
1784603976,2.05,9.24,853,3382,41.0,41.0,Charging,74,16.59,1,78,28,balanced
1784603977,2.14,9.39,664,3333,40.0,41.0,Charging,74,16.59,1,78,28,balanced
1784603978,2.18,9.80,748,2123,38.0,41.0,Charging,74,16.59,1,78,28,balanced
1784603979,1.93,8.69,820,3375,40.0,41.0,Charging,74,16.57,1,78,28,balanced
1784603980,1.95,8.53,644,2900,40.0,41.0,Charging,74,16.58,1,78,28,balanced
1784603981,1.99,8.63,610,2046,39.0,41.0,Charging,74,16.57,1,78,28,balanced
1784603982,1.91,8.49,571,1728,38.0,41.0,Charging,74,16.57,1,78,28,balanced
1784603983,1.86,8.54,510,1702,40.0,41.0,Charging,74,16.55,1,78,28,balanced
1784603984,2.00,8.82,538,2105,38.0,41.0,Charging,74,16.55,1,78,28,balanced
1784603985,1.98,8.60,673,3279,40.0,41.0,Charging,74,16.55,1,78,28,balanced
1784603986,2.05,8.71,979,3323,38.0,41.0,Charging,74,16.55,1,78,28,balanced
1784603987,2.20,9.32,742,1745,38.0,41.0,Charging,74,16.54,1,78,28,balanced
1784603988,1.83,8.75,788,3370,40.0,41.0,Charging,74,16.53,1,78,28,balanced
1784603989,2.17,9.30,780,3399,41.0,41.0,Charging,74,16.51,1,78,28,balanced
1784603990,2.06,8.73,540,2537,38.0,41.0,Charging,74,16.52,1,78,28,balanced
1784603992,1.94,8.67,627,3219,40.0,41.0,Charging,74,16.52,1,78,28,balanced
1784603993,1.91,8.59,807,1970,38.0,41.0,Charging,74,16.51,1,78,28,balanced
1784603994,1.89,8.53,648,2744,39.0,41.0,Charging,74,16.51,1,78,28,balanced
1784603995,2.13,8.95,732,3395,41.0,41.0,Charging,74,16.51,1,78,28,balanced
1784603996,3.57,11.51,787,3339,41.0,41.0,Charging,74,16.50,1,78,28,balanced
1784603997,4.58,13.26,579,2215,38.0,41.0,Charging,74,16.50,1,78,28,balanced
1784603998,4.31,12.83,840,3385,44.0,41.0,Charging,74,16.50,1,78,28,balanced
1784603999,4.59,12.89,695,2024,40.0,41.0,Charging,74,16.48,1,78,28,balanced
1784604000,4.37,12.51,944,2098,40.0,41.0,Charging,74,16.48,1,78,28,balanced
1784604001,4.30,12.49,848,3383,42.0,41.0,Charging,74,16.48,1,78,28,balanced
1784604002,4.48,13.14,608,1988,39.0,41.0,Charging,74,16.46,1,78,28,balanced
1784604003,4.28,12.79,1025,3307,41.0,41.0,Charging,74,16.46,1,78,28,balanced
1784604004,3.54,11.48,1086,3366,41.0,41.0,Charging,74,16.46,1,78,28,balanced
1784604005,4.49,13.04,761,2110,39.0,41.0,Charging,74,16.45,1,78,28,balanced
1784604006,4.38,12.56,1114,3123,41.0,41.0,Charging,74,16.44,1,78,28,balanced
1784604007,4.52,13.07,1148,4380,41.0,41.0,Charging,74,16.43,1,78,28,balanced
1784604008,4.58,12.87,1016,1807,40.0,41.0,Charging,74,16.43,1,78,28,balanced
1784604009,4.30,13.05,889,3344,41.0,41.0,Charging,74,16.43,1,78,28,balanced
1784604010,4.57,13.17,1181,3286,41.0,41.0,Charging,74,16.42,1,78,28,balanced
1784604011,3.25,11.05,759,3372,40.0,41.0,Charging,74,16.41,1,78,28,balanced
1784604013,4.37,12.77,867,2969,41.0,41.0,Charging,74,16.41,1,78,28,balanced
1784604014,3.41,10.94,662,1800,40.0,41.0,Charging,74,16.41,1,78,28,balanced
1784604015,4.17,12.05,969,2232,41.0,41.0,Charging,74,16.40,1,78,28,balanced
1784604016,3.69,11.43,899,1804,40.0,41.0,Charging,74,16.40,1,78,28,balanced
1784604017,3.75,11.49,693,1498,40.0,41.0,Charging,74,16.40,1,78,28,balanced
1784604018,4.46,12.24,713,3314,42.0,41.0,Charging,74,16.39,1,78,28,balanced
1784604019,2.09,8.39,691,3308,43.0,41.0,Charging,74,16.38,1,78,28,balanced
1784604020,1.98,8.30,811,3405,43.0,41.0,Charging,74,16.37,1,78,28,balanced
1784604021,2.10,8.43,658,2766,40.0,42.0,Charging,74,16.37,1,78,28,balanced
1784604022,1.90,7.83,799,3347,40.0,42.0,Charging,74,16.37,1,78,28,balanced
1784604023,3.88,11.00,1403,4090,42.0,42.0,Charging,74,16.36,1,78,28,balanced
1784604024,4.91,13.03,1132,2381,40.0,42.0,Charging,74,16.36,1,78,28,balanced
1784604025,4.67,12.81,969,3400,43.0,42.0,Charging,74,16.36,1,78,28,balanced
1784604026,3.85,11.27,769,3389,41.0,42.0,Charging,74,16.34,1,78,28,balanced
1784604027,4.20,12.57,774,3312,41.0,42.0,Charging,74,16.34,1,78,28,balanced
1784604028,4.79,13.33,807,3346,41.0,42.0,Charging,74,16.34,1,78,28,balanced
1784604029,3.52,11.00,786,3419,42.0,42.0,Charging,74,16.33,1,78,28,balanced
1784604030,4.12,12.14,813,2937,41.0,42.0,Charging,74,16.33,1,78,28,balanced
1784604031,4.26,12.42,962,3402,42.0,42.0,Charging,74,16.33,1,78,28,balanced
1784604033,4.79,13.74,868,3281,40.0,42.0,Charging,74,16.33,1,78,28,balanced
1784604034,4.49,13.12,1200,3514,41.0,42.0,Charging,74,16.32,1,78,28,balanced
1784604035,4.78,13.36,702,1893,40.0,42.0,Charging,74,16.32,1,78,28,balanced
1784604036,3.18,10.88,771,3344,44.0,42.0,Charging,74,16.30,1,78,28,balanced
1784604037,4.57,13.16,727,2325,41.0,42.0,Charging,74,16.29,1,78,28,balanced
1784604038,4.26,12.82,644,2799,40.0,42.0,Charging,74,16.29,1,78,28,balanced
1784604039,3.86,12.30,660,3397,44.0,42.0,Charging,74,16.29,1,78,28,balanced
1784604040,3.84,11.89,1040,4040,40.0,42.0,Charging,74,16.29,1,78,28,balanced
1784604041,4.99,13.78,1003,3437,42.0,42.0,Charging,74,16.28,1,78,28,balanced
1784604042,4.40,12.52,1034,2734,41.0,42.0,Charging,75,16.27,1,78,28,balanced
1784604043,3.88,11.85,763,1863,41.0,42.0,Charging,75,16.26,1,78,28,balanced
1784604044,4.21,12.48,825,1815,41.0,42.0,Charging,75,16.25,1,78,28,balanced
1784604045,3.82,11.21,1214,3400,46.0,42.0,Charging,75,16.25,1,78,28,balanced
1784604046,4.71,13.19,1214,3414,45.0,42.0,Charging,75,16.25,1,78,28,balanced
1784604047,3.78,11.67,735,2978,42.0,42.0,Charging,75,16.25,1,78,28,balanced
1784604048,3.85,11.59,582,3317,42.0,42.0,Charging,75,16.24,1,78,28,balanced
1784604049,2.20,8.95,806,3306,41.0,42.0,Charging,75,16.24,1,78,28,balanced
1784604050,2.03,8.61,555,1700,40.0,42.0,Charging,75,16.24,1,78,28,balanced
1784604051,2.33,9.40,588,2593,41.0,42.0,Charging,75,16.23,1,78,28,balanced
1784604053,4.07,12.06,860,3481,42.0,42.0,Charging,75,16.23,1,78,28,balanced
1784604054,7.14,16.52,1098,3651,43.0,42.0,Charging,75,16.22,1,78,28,balanced
1784604055,7.56,16.20,941,3390,44.0,42.0,Charging,75,16.21,1,78,28,balanced
1784604056,7.02,15.60,1290,3400,42.0,42.0,Charging,75,16.21,1,85,35,balanced
1784604057,4.67,13.38,923,3484,42.0,42.0,Charging,75,16.21,1,85,35,balanced
1784604058,4.29,12.73,673,3344,44.0,42.0,Charging,75,16.20,1,85,35,balanced
1784604059,4.48,13.07,1495,4374,46.0,42.0,Charging,75,16.19,1,85,35,balanced
1784604060,3.20,10.86,1099,3400,43.0,42.0,Charging,75,16.18,1,85,35,balanced
1784604061,3.30,11.14,899,3396,43.0,42.0,Charging,75,16.17,1,85,35,balanced
1784604062,3.15,10.60,1163,2621,42.0,42.0,Charging,75,16.17,1,85,35,balanced
1784604063,5.20,13.81,1591,4404,68.0,42.0,Charging,75,16.16,1,85,35,balanced
1784604064,9.95,29.64,1381,4700,49.0,42.0,Charging,75,16.16,1,85,35,balanced
1784604065,16.07,39.70,1437,4460,54.0,42.0,Charging,75,16.17,1,85,35,balanced
1784604066,7.24,25.77,1126,2451,45.0,42.0,Charging,75,16.16,1,85,35,balanced
1784604067,4.19,22.31,618,1934,41.0,42.0,Charging,75,16.14,1,85,35,balanced
1784604068,3.52,22.83,2049,3248,47.0,42.0,Charging,75,16.14,1,85,35,balanced
1784604069,5.10,25.32,931,3400,43.0,42.0,Charging,75,16.12,1,85,35,balanced
1784604070,3.97,23.46,1159,2636,42.0,42.0,Charging,75,16.13,1,85,35,balanced
1784604071,3.88,23.50,1251,2878,44.0,42.0,Charging,75,16.11,1,85,35,balanced
1784604072,3.49,22.65,1448,3380,45.0,42.0,Charging,75,16.11,1,85,35,balanced
1784604073,3.73,23.08,1727,3379,47.0,42.0,Charging,75,16.11,1,85,35,balanced
1784604075,3.70,23.05,1733,3379,45.0,42.0,Charging,75,16.11,1,85,35,balanced
1784604076,3.68,23.01,1504,3408,47.0,42.0,Charging,75,16.10,1,85,35,balanced
1784604077,3.48,20.01,1517,3372,47.0,42.0,Charging,75,16.09,1,85,35,balanced
1784604078,3.14,16.51,1299,3392,48.0,42.0,Charging,75,16.09,1,85,35,balanced
1784604079,3.13,16.40,1576,3356,46.0,42.0,Charging,75,16.07,1,85,35,balanced
1784604080,2.98,16.08,1459,3376,45.0,42.0,Charging,75,16.07,1,85,35,balanced
1784604081,2.65,15.48,1610,3372,48.0,42.0,Charging,75,16.07,1,85,35,balanced
1784604082,2.71,15.96,1530,3372,46.0,43.0,Charging,75,16.07,1,85,35,balanced
1784604083,2.92,16.33,1377,3377,47.0,43.0,Charging,75,16.07,1,85,35,balanced
1784604084,2.74,15.66,1388,3377,45.0,43.0,Charging,75,16.06,1,85,35,balanced
1784604085,2.68,12.99,1471,3370,46.0,43.0,Charging,75,16.06,1,85,35,balanced
1784604086,5.48,17.08,1415,3386,47.0,43.0,Charging,75,16.05,1,85,35,balanced
1784604087,3.15,13.67,2130,3283,47.0,43.0,Charging,75,16.04,1,85,35,balanced
1784604088,2.98,13.46,1538,3597,47.0,43.0,Charging,75,16.04,1,85,35,balanced
1784604089,3.03,13.52,1543,3393,48.0,43.0,Charging,75,16.04,1,85,35,balanced
1784604090,3.03,13.62,1585,3382,47.0,43.0,Charging,75,16.04,1,85,35,balanced
1784604091,2.93,13.33,1770,4069,46.0,43.0,Charging,75,16.02,1,85,35,balanced
1784604092,2.90,13.35,1672,3429,46.0,43.0,Charging,75,16.02,1,85,35,balanced
1784604093,3.15,13.76,1423,3473,44.0,43.0,Charging,75,16.02,1,85,35,balanced
1784604094,2.91,13.71,1649,3420,49.0,43.0,Charging,75,16.01,1,85,35,balanced
1784604095,2.95,13.39,2245,3367,48.0,43.0,Charging,75,16.01,1,85,35,balanced
1784604097,3.12,13.74,1599,3820,43.0,43.0,Charging,75,16.00,1,85,35,balanced
1784604098,2.60,12.80,1484,3438,48.0,43.0,Charging,75,16.00,1,85,35,balanced
1784604099,2.85,13.12,1304,3408,48.0,43.0,Charging,75,15.99,1,85,35,balanced
1784604100,2.91,13.56,1262,2179,42.0,43.0,Charging,75,15.99,1,85,35,balanced
1784604101,2.47,12.61,1582,3070,44.0,43.0,Charging,75,15.99,1,85,35,balanced
1784604102,2.69,13.49,1372,3835,47.0,43.0,Charging,75,15.98,1,85,35,balanced
1784604103,2.66,12.87,1660,4532,48.0,43.0,Charging,75,15.98,1,85,35,balanced
1784604104,2.64,12.83,1478,3382,45.0,43.0,Charging,75,15.98,1,85,35,balanced
1784604105,2.58,12.76,1659,3279,45.0,43.0,Charging,75,15.97,1,85,35,balanced
1784604106,2.61,15.60,1659,3387,49.0,43.0,Charging,75,15.97,1,85,35,balanced
1784604107,2.75,13.14,1397,2872,45.0,43.0,Charging,75,15.96,1,85,35,balanced
1784604108,2.59,13.08,1444,3404,45.0,43.0,Charging,75,15.95,1,85,35,balanced
1784604109,2.66,13.36,1324,3423,47.0,43.0,Charging,75,15.94,1,85,35,balanced
1784604110,2.83,13.34,1353,3372,46.0,43.0,Charging,75,15.94,1,85,35,balanced
1784604111,2.69,13.08,1675,3400,48.0,43.0,Charging,75,15.94,1,85,35,balanced
1784604112,2.70,13.08,1296,3393,47.0,44.0,Charging,75,15.94,1,85,35,balanced
1784604113,2.73,13.49,1434,3433,47.0,44.0,Charging,75,15.93,1,85,35,balanced
1784604114,2.75,13.27,1626,3216,45.0,44.0,Charging,75,15.93,1,85,35,balanced
1784604115,2.68,13.04,1269,3382,48.0,44.0,Charging,75,15.91,1,85,35,balanced
1784604116,2.80,13.60,1813,3377,45.0,44.0,Charging,75,15.91,1,85,35,balanced
1784604118,2.63,13.02,1385,3394,45.0,44.0,Charging,75,15.92,1,85,35,balanced
1784604119,2.64,12.97,1368,3376,44.0,44.0,Charging,75,15.92,1,85,35,balanced
1784604120,2.80,13.30,1567,3370,45.0,44.0,Charging,75,15.90,1,85,35,balanced
1784604121,2.76,13.27,1648,3374,43.0,44.0,Charging,75,15.90,1,85,35,balanced
1784604122,2.54,12.90,1409,4350,45.0,44.0,Charging,75,15.89,1,85,35,balanced
1784604123,2.66,13.04,1613,3304,47.0,44.0,Charging,75,15.89,1,85,35,balanced
1784604124,2.55,12.86,1452,3410,43.0,44.0,Charging,75,15.89,1,85,35,balanced
1784604125,2.55,12.84,1538,2980,43.0,44.0,Charging,75,15.89,1,85,35,balanced
1784604126,2.60,12.94,1505,3384,44.0,44.0,Charging,75,15.88,1,85,35,balanced
1784604127,2.71,13.08,1500,4339,43.0,44.0,Charging,75,15.88,1,85,35,balanced
1784604128,2.67,13.17,1206,3390,44.0,44.0,Charging,75,15.88,1,85,35,balanced
1784604129,2.75,13.12,1500,3381,44.0,44.0,Charging,75,15.87,1,85,35,balanced
1784604130,2.77,13.50,1522,4513,44.0,44.0,Charging,75,15.87,1,85,35,balanced
1784604131,2.70,13.01,1667,3797,43.0,44.0,Charging,75,15.86,1,85,35,balanced
1784604132,2.70,13.03,1460,3388,45.0,44.0,Charging,75,15.85,1,85,35,balanced
1784604133,2.63,13.06,1236,3375,44.0,44.0,Charging,75,15.85,1,85,35,balanced
1784604134,2.72,13.22,1522,3378,48.0,44.0,Charging,75,15.85,1,85,35,balanced
1784604135,2.75,13.12,1193,3396,45.0,44.0,Charging,75,15.84,1,85,35,balanced
1784604136,2.58,12.86,1472,3368,45.0,44.0,Charging,75,15.84,1,85,35,balanced
1784604137,2.51,12.74,1062,3400,44.0,44.0,Charging,75,15.83,1,85,35,balanced
1784604139,2.65,12.93,1371,3375,44.0,44.0,Charging,75,15.83,1,85,35,balanced
1784604140,2.63,13.02,1577,3403,44.0,44.0,Charging,75,15.82,1,85,35,balanced
1784604141,2.64,13.02,1518,3366,42.0,44.0,Charging,75,15.82,1,85,35,balanced
1784604142,2.61,12.87,1073,3414,44.0,44.0,Charging,75,15.82,1,85,35,balanced
1784604143,2.61,12.88,1129,3381,41.0,44.0,Charging,75,15.82,1,85,35,balanced
1784604144,2.62,12.91,1425,3085,41.0,43.0,Charging,75,15.81,1,85,35,balanced
1784604145,2.71,13.35,1336,3340,43.0,43.0,Charging,75,15.80,1,85,35,balanced
1784604146,22.34,38.85,2750,3001,70.0,43.0,Charging,76,15.80,1,85,35,balanced
1784604147,35.97,55.96,2743,3000,76.0,43.0,Charging,76,15.31,1,85,35,balanced
1784604148,35.92,56.00,2743,3000,76.0,43.0,Charging,76,15.83,1,85,35,balanced
1784604149,35.90,56.08,2730,3005,74.0,43.0,Charging,76,15.81,1,85,35,balanced
1784604150,35.84,55.95,2745,3000,77.0,43.0,Charging,76,15.79,1,85,35,balanced
1784604151,35.81,56.00,2721,3000,77.0,44.0,Charging,76,15.79,1,85,35,balanced
1784604152,35.62,56.00,2750,3000,77.0,44.0,Charging,76,15.77,1,85,35,balanced
1784604153,35.72,55.99,2716,3009,77.0,44.0,Charging,76,15.76,1,85,35,balanced
1784604154,35.70,56.01,2736,3008,79.0,44.0,Charging,76,15.75,1,85,35,balanced
1784604155,35.68,55.97,2740,3000,81.0,44.0,Charging,76,15.73,1,85,35,balanced
1784604156,35.66,56.06,2751,3011,79.0,44.0,Charging,76,15.71,1,85,35,balanced
1784604157,35.71,55.97,2743,3000,79.0,44.0,Charging,76,15.71,1,85,35,balanced
1784604158,35.72,56.00,2745,3000,79.0,44.0,Charging,76,15.71,1,85,35,balanced
1784604159,35.64,55.98,2748,3009,81.0,45.0,Charging,76,15.71,1,85,35,balanced
1784604160,35.69,56.06,2741,3008,79.0,45.0,Charging,76,15.70,1,85,35,balanced
1784604161,35.37,55.97,2747,3004,81.0,45.0,Charging,76,15.67,1,85,35,balanced
1784604162,35.55,56.01,2749,3000,82.0,45.0,Charging,76,15.67,1,85,35,balanced
1784604164,35.55,55.98,2736,3000,81.0,45.0,Charging,76,15.65,1,85,35,balanced
1784604165,35.43,56.05,2738,3000,79.0,46.0,Charging,76,15.64,1,85,35,balanced
1784604166,35.43,55.97,2746,3000,83.0,46.0,Charging,76,15.64,1,85,35,balanced
1784604167,35.42,56.01,2744,3005,81.0,46.0,Charging,76,15.64,1,85,35,balanced
1784604168,35.41,55.96,2750,3000,81.0,47.0,Charging,76,15.62,1,85,35,balanced
1784604169,35.45,56.03,2750,3000,81.0,47.0,Charging,76,15.61,1,85,35,balanced
1784604170,35.43,55.95,2745,3010,82.0,47.0,Charging,76,15.60,1,85,35,balanced
1784604171,35.41,56.07,2748,3000,82.0,48.0,Charging,76,15.59,1,85,35,balanced
1784604172,35.19,55.99,2750,3001,82.0,48.0,Charging,76,15.59,1,85,35,balanced
1784604173,35.28,55.98,2750,3000,83.0,48.0,Charging,76,15.59,1,85,35,balanced
1784604174,35.27,56.00,2750,3000,82.0,49.0,Charging,76,15.57,1,85,35,balanced
1784604175,35.24,55.99,2741,3008,82.0,49.0,Charging,76,15.56,1,85,35,balanced
1784604176,34.98,56.00,2750,3006,82.0,50.0,Charging,76,15.56,1,85,35,balanced
1784604177,34.63,56.02,2740,3000,83.0,50.0,Charging,76,15.56,1,85,35,balanced
1784604178,35.00,56.02,2734,3010,82.0,50.0,Charging,76,15.55,1,85,35,balanced
1784604179,35.06,55.96,2744,3000,86.0,50.0,Charging,76,15.53,1,85,35,balanced
1784604180,35.02,56.00,2751,3009,82.0,50.0,Charging,76,15.53,1,85,35,balanced
1784604181,35.08,56.01,2750,3000,83.0,50.0,Charging,76,15.52,1,85,35,balanced
1784604182,35.07,56.00,2742,3000,83.0,51.0,Charging,76,15.52,1,85,35,balanced
1784604183,35.01,56.00,2721,3000,85.0,51.0,Charging,76,15.51,1,85,35,balanced
1784604184,34.97,56.00,2650,2900,83.0,51.0,Charging,76,15.51,1,85,35,balanced
1784604185,35.01,55.99,2748,3000,83.0,51.0,Charging,76,15.48,1,85,35,balanced
1784604186,35.01,56.04,2744,3000,83.0,51.0,Charging,76,15.48,1,85,35,balanced
1784604187,35.02,55.97,2750,3004,83.0,52.0,Charging,76,15.47,1,85,35,balanced
1784604189,35.03,55.98,2640,2910,83.0,52.0,Charging,76,15.47,1,85,35,balanced
1784604190,34.99,56.04,2649,2900,85.0,52.0,Charging,76,15.47,1,85,35,balanced
1784604191,35.04,55.99,2650,2900,85.0,52.0,Charging,76,15.46,1,85,35,balanced
1784604192,34.75,55.98,2749,3000,83.0,52.0,Charging,76,15.44,1,85,35,balanced
1784604193,34.98,56.03,2643,2900,85.0,53.0,Charging,76,15.42,1,85,35,balanced
1784604194,34.99,56.00,2638,2908,83.0,53.0,Charging,76,15.42,1,85,35,balanced
1784604195,34.86,56.01,2676,2958,85.0,53.0,Charging,76,15.41,1,85,35,balanced
1784604196,34.86,55.99,2707,2973,85.0,53.0,Charging,76,15.41,1,85,35,balanced
1784604197,34.92,55.96,2645,2908,85.0,53.0,Charging,76,15.40,1,85,35,balanced
1784604198,34.90,56.04,2649,2900,82.0,53.0,Charging,76,15.40,1,85,35,balanced
1784604199,34.87,56.00,2742,3007,85.0,53.0,Charging,76,15.39,1,85,35,balanced
1784604200,34.87,55.98,2701,2985,83.0,54.0,Charging,76,15.38,1,85,35,balanced
1784604201,34.85,56.01,2751,3012,83.0,54.0,Charging,76,15.38,1,85,35,balanced
1784604202,34.80,56.01,2626,2900,83.0,54.0,Charging,76,15.37,1,85,35,balanced
1784604203,34.81,55.97,2750,3000,85.0,54.0,Charging,76,15.37,1,85,35,balanced
1784604204,34.83,56.00,2731,3000,85.0,54.0,Charging,76,15.36,1,85,35,balanced
1784604205,34.55,56.00,2704,2977,85.0,54.0,Charging,76,15.35,1,85,35,balanced
1784604206,34.37,55.99,2650,2900,85.0,55.0,Charging,76,15.35,1,85,35,balanced
1784604207,34.46,56.02,2650,2906,83.0,55.0,Charging,76,15.35,1,85,35,balanced
1784604208,34.73,56.04,2650,2900,83.0,55.0,Charging,76,15.34,1,85,35,balanced
1784604209,34.64,55.91,2650,2900,85.0,55.0,Charging,76,15.33,1,85,35,balanced
1784604210,34.70,56.00,2637,2903,85.0,55.0,Charging,76,15.33,1,85,35,balanced
1784604211,34.74,56.06,2639,2907,85.0,56.0,Charging,76,15.32,1,85,35,balanced
1784604212,34.67,56.00,2652,2913,86.0,56.0,Charging,76,15.31,1,85,35,balanced
1784604213,34.69,56.01,2644,2900,83.0,56.0,Charging,76,15.31,1,85,35,balanced
1784604215,34.62,55.99,2637,2901,85.0,56.0,Charging,76,15.30,1,85,35,balanced
1784604216,34.69,55.97,2650,2901,83.0,56.0,Charging,76,15.28,1,85,35,balanced
1784604217,34.67,56.02,2648,2900,85.0,56.0,Charging,76,15.28,1,85,35,balanced
1784604218,34.73,55.99,2750,3000,85.0,56.0,Charging,76,15.28,1,85,35,balanced
1784604219,34.84,55.99,2665,2966,86.0,56.0,Charging,76,15.28,1,85,35,balanced
1784604220,35.06,56.03,2737,2989,86.0,56.0,Charging,76,15.28,1,85,35,balanced
1784604221,35.17,56.00,2667,2979,86.0,56.0,Charging,76,15.25,1,85,35,balanced
1784604222,34.89,55.98,2665,2996,85.0,57.0,Charging,76,15.25,1,85,35,balanced
1784604223,35.12,56.01,2641,2900,86.0,57.0,Charging,76,15.25,1,85,35,balanced
1784604224,35.13,56.00,2750,3008,86.0,57.0,Charging,76,15.24,1,85,35,balanced
1784604225,35.00,56.02,2750,3000,85.0,57.0,Charging,76,15.24,1,85,35,balanced
1784604226,35.13,55.94,2744,3013,87.0,57.0,Charging,76,15.24,1,85,35,balanced
1784604227,35.09,56.01,2750,3000,86.0,57.0,Charging,76,15.23,1,85,35,balanced
1784604228,35.10,55.99,2739,3000,86.0,57.0,Charging,76,15.23,1,85,35,balanced
1784604229,35.14,56.02,2748,3005,86.0,57.0,Charging,76,15.22,1,85,35,balanced
1784604230,35.10,55.99,2746,3013,86.0,57.0,Charging,76,15.21,1,85,35,balanced
1784604231,35.13,56.04,2745,3000,87.0,57.0,Charging,76,15.22,1,85,35,balanced
1784604232,30.31,49.66,2437,2700,78.0,57.0,Charging,76,15.22,1,85,35,balanced
1784604233,26.80,45.03,2499,2707,78.0,57.0,Charging,76,15.20,1,85,35,balanced
1784604234,27.17,45.62,2429,2702,78.0,58.0,Charging,76,15.19,1,85,35,balanced
1784604235,27.44,45.88,2438,2704,79.0,58.0,Charging,76,15.19,1,85,35,balanced
1784604236,27.35,45.97,2499,2700,78.0,58.0,Charging,76,15.19,1,85,35,balanced
1784604237,27.26,46.31,2500,2703,78.0,58.0,Charging,76,15.19,1,85,35,balanced
1784604239,27.50,46.22,2434,2708,77.0,58.0,Charging,76,15.18,1,85,35,balanced
1784604240,27.67,46.13,2498,2706,78.0,58.0,Charging,76,15.18,1,85,35,balanced
1784604241,27.51,46.00,2500,2701,77.0,58.0,Charging,76,15.18,1,85,35,balanced
1784604242,27.82,46.29,2501,2707,76.0,58.0,Charging,76,15.17,1,85,35,balanced
1784604243,27.45,45.82,2494,2708,77.0,58.0,Charging,76,15.17,1,85,35,balanced
1784604244,27.79,46.23,2484,2708,77.0,58.0,Charging,76,15.17,1,85,35,balanced
1784604245,27.82,46.29,2500,2700,77.0,58.0,Charging,76,15.16,1,85,35,balanced
1784604246,27.82,46.32,2487,2700,77.0,58.0,Charging,76,15.15,1,85,35,balanced
1784604247,27.81,46.24,2492,2703,77.0,58.0,Charging,76,15.15,1,85,35,balanced
1784604248,27.76,46.21,2495,2700,77.0,58.0,Charging,76,15.15,1,85,35,balanced
1784604249,27.83,46.19,2491,2701,77.0,58.0,Charging,76,15.15,1,85,35,balanced
1784604250,27.89,46.35,2496,2700,78.0,58.0,Charging,76,15.15,1,85,35,balanced
1784604251,27.90,46.35,2500,2700,78.0,58.0,Charging,77,15.14,1,85,35,balanced
1784604252,27.90,46.33,2484,2700,78.0,58.0,Charging,77,15.13,1,85,35,balanced
1784604253,27.93,46.46,2499,2700,77.0,58.0,Charging,77,15.13,1,85,35,balanced
1784604254,27.93,46.37,2493,2703,77.0,58.0,Charging,77,15.12,1,85,35,balanced
1784604255,27.95,46.38,2500,2700,77.0,58.0,Charging,77,15.12,1,85,35,balanced
1784604256,27.94,46.35,2500,2700,77.0,58.0,Charging,77,15.12,1,85,35,balanced
1784604257,27.94,46.41,2480,2710,77.0,58.0,Charging,77,15.12,1,85,35,balanced
1784604258,27.98,46.47,2499,2700,77.0,58.0,Charging,77,15.11,1,85,35,balanced
1784604259,27.95,46.47,2491,2701,78.0,58.0,Charging,77,15.11,1,85,35,balanced
1784604260,27.97,46.39,2487,2710,77.0,58.0,Charging,77,15.10,1,85,35,balanced
1784604261,28.06,46.81,2479,2700,78.0,58.0,Charging,77,15.10,1,85,35,balanced
1784604263,27.91,46.34,2499,2708,77.0,58.0,Charging,77,15.10,1,85,35,balanced
1784604264,27.97,46.37,2487,2700,77.0,58.0,Charging,77,15.09,1,85,35,balanced
1784604265,27.98,46.48,2500,2701,77.0,58.0,Charging,77,15.08,1,85,35,balanced
1784604266,18.83,34.57,1257,3695,58.0,58.0,Charging,77,15.08,1,85,35,balanced
1784604267,3.19,14.25,1365,3436,56.0,58.0,Charging,77,15.05,1,85,35,balanced
1784604268,3.27,14.57,1497,3382,57.0,58.0,Charging,77,15.05,1,85,35,balanced
1784604269,3.19,14.55,1605,3382,54.0,58.0,Charging,77,15.05,1,85,35,balanced
1784604270,3.40,14.99,1715,3407,52.0,58.0,Charging,77,15.06,1,85,35,balanced
1784604271,3.22,14.20,1478,3387,56.0,58.0,Charging,77,15.06,1,85,35,balanced
1784604272,3.04,13.87,1597,3375,52.0,57.0,Charging,77,15.06,1,85,35,balanced
1784604273,2.98,13.85,1273,3372,51.0,57.0,Charging,77,15.07,1,85,35,balanced
1784604274,3.12,13.98,1365,3267,51.0,57.0,Charging,77,15.07,1,85,35,balanced
1784604275,3.20,14.09,1667,3383,49.0,57.0,Charging,77,15.07,1,85,35,balanced
1784604276,3.08,13.88,1003,2549,51.0,57.0,Charging,77,15.07,1,85,35,balanced
1784604277,2.83,13.39,1482,3400,50.0,57.0,Charging,77,15.08,1,85,35,balanced
1784604278,2.80,13.38,1401,3186,50.0,57.0,Charging,77,15.08,1,85,35,balanced
1784604279,2.83,13.63,1503,3381,52.0,57.0,Charging,77,15.09,1,85,35,balanced
1784604280,3.77,14.93,2520,3633,63.0,56.0,Charging,77,15.08,1,85,35,balanced
1784604281,3.62,14.94,1302,3356,49.0,56.0,Charging,77,15.08,1,85,35,balanced
1784604282,4.08,16.57,1300,3373,51.0,56.0,Charging,77,15.08,1,85,35,balanced
1784604283,4.49,16.65,1655,3313,50.0,56.0,Charging,77,15.07,1,85,35,balanced
1784604285,3.61,15.21,1815,3375,48.0,55.0,Charging,77,15.08,1,85,35,balanced
1784604286,2.99,14.18,1249,4526,50.0,55.0,Charging,77,15.09,1,85,35,balanced
1784604287,3.28,14.55,1514,3365,49.0,55.0,Charging,77,15.09,1,85,35,balanced
1784604288,3.15,14.38,1609,3389,47.0,55.0,Charging,77,15.08,1,85,35,balanced
1784604289,2.86,13.96,1305,3399,48.0,55.0,Charging,77,15.07,1,85,35,balanced
1784604290,3.05,14.25,1549,3341,46.0,54.0,Charging,77,15.08,1,85,35,balanced
1784604291,8.87,23.15,1590,4553,53.0,54.0,Charging,77,15.07,1,85,35,balanced
1784604292,4.30,14.46,1305,3370,49.0,54.0,Charging,77,15.08,1,85,35,balanced
1784604293,2.42,9.39,1062,3366,51.0,54.0,Charging,77,15.07,1,85,35,balanced
1784604294,2.39,9.03,1537,3367,49.0,53.0,Charging,77,15.07,1,85,35,balanced
1784604295,2.20,8.80,1865,3379,48.0,53.0,Charging,77,15.06,1,85,35,balanced
1784604296,2.33,9.25,1177,3400,49.0,53.0,Charging,77,15.06,1,85,35,balanced
1784604297,2.33,8.98,1300,2505,44.0,53.0,Charging,77,15.06,1,85,35,balanced
1784604298,2.26,9.15,1482,3388,51.0,53.0,Charging,77,15.06,1,85,35,balanced
1784604299,2.49,9.90,1589,3371,46.0,52.0,Charging,77,15.06,1,85,35,balanced
1784604300,2.40,9.09,1491,3377,44.0,52.0,Charging,77,15.05,1,85,35,balanced
1784604301,2.30,9.18,1321,3388,48.0,52.0,Charging,77,15.05,1,85,35,balanced
1784604302,2.24,8.82,1401,3378,48.0,52.0,Charging,77,15.06,1,85,35,balanced
1784604303,2.31,8.97,1409,3386,48.0,52.0,Charging,77,15.06,1,85,35,balanced
1784604304,2.20,8.74,1391,4411,45.0,52.0,Charging,77,15.06,1,85,35,balanced
1784604305,2.35,8.95,1399,4419,47.0,51.0,Charging,77,15.05,1,85,35,balanced
1784604307,2.26,8.84,1748,3403,49.0,51.0,Charging,77,15.05,1,85,35,balanced
1784604308,2.30,8.90,1681,3387,47.0,51.0,Charging,77,15.05,1,85,35,balanced
1784604309,2.32,8.86,1785,3350,45.0,51.0,Charging,77,15.05,1,85,35,balanced
1784604310,2.13,9.00,1181,2236,41.0,50.0,Charging,77,15.05,1,85,35,balanced
1784604311,1.95,8.45,1572,3089,43.0,50.0,Charging,77,15.04,1,85,35,balanced
1784604312,2.15,8.73,1575,3390,47.0,50.0,Charging,77,15.04,1,85,35,balanced
1784604313,2.36,9.28,1493,3311,43.0,50.0,Charging,77,15.04,1,85,35,balanced
1784604314,2.18,8.74,1539,3395,45.0,50.0,Charging,77,15.04,1,85,35,balanced
1784604315,2.18,8.78,1499,3388,43.0,50.0,Charging,77,15.04,1,85,35,balanced
1784604316,2.16,8.71,1539,4567,47.0,49.0,Charging,77,15.03,1,85,35,balanced
1784604317,2.27,8.87,1348,3400,48.0,49.0,Charging,77,15.03,1,85,35,balanced
1784604318,2.25,8.81,1421,3380,45.0,49.0,Charging,77,15.03,1,85,35,balanced
1784604319,2.24,8.80,1502,3405,44.0,49.0,Charging,77,15.02,1,85,35,balanced
1784604320,2.20,8.71,1350,3392,47.0,49.0,Charging,77,15.03,1,85,35,balanced
1784604321,2.23,8.80,1348,3405,43.0,49.0,Charging,77,15.03,1,85,35,balanced
1784604322,2.33,8.92,1255,2941,43.0,49.0,Charging,77,15.02,1,85,35,balanced
1784604323,2.32,9.24,1379,3387,46.0,49.0,Charging,77,15.01,1,85,35,balanced
1784604324,2.27,8.76,1401,3390,46.0,48.0,Charging,77,15.01,1,85,35,balanced
1784604325,2.22,8.69,1427,3379,43.0,48.0,Charging,77,15.01,1,85,35,balanced
1784604326,2.24,8.75,1309,3392,44.0,48.0,Charging,77,15.01,1,85,35,balanced
1784604328,2.31,8.83,1249,3399,43.0,48.0,Charging,77,15.01,1,85,35,balanced
1784604329,2.22,8.72,1319,3400,43.0,48.0,Charging,77,15.00,1,85,35,balanced
1784604330,2.20,8.70,1545,3370,44.0,48.0,Charging,77,15.00,1,85,35,balanced
1784604331,2.32,9.16,1665,3364,44.0,48.0,Charging,77,14.99,1,85,35,balanced
1784604332,2.37,9.28,1567,4337,48.0,47.0,Charging,77,14.99,1,85,35,balanced
1784604333,2.40,9.31,1306,3391,45.0,47.0,Charging,77,14.99,1,85,35,balanced
1784604334,2.34,8.89,1247,3401,45.0,47.0,Charging,77,14.99,1,85,35,balanced
1784604335,2.24,8.72,1532,3217,44.0,47.0,Charging,77,14.99,1,85,35,balanced
1784604336,2.20,8.60,1314,3400,45.0,47.0,Charging,77,14.98,1,85,35,balanced
1784604337,2.26,8.51,1308,3387,44.0,47.0,Charging,77,14.98,1,85,35,balanced
1784604338,5.43,13.63,1682,3060,43.0,47.0,Charging,77,14.99,1,85,35,balanced
1784604339,5.22,11.32,1833,3158,47.0,47.0,Charging,77,14.94,1,85,35,balanced
